Time,Temperature(F),Total Facility Power,Inbound(lbs),Onbound (lbs)
3/1/16 0:00,41.8,823.1738631,0,0
3/1/16 1:00,40.83,787.8185864,0,0
3/1/16 2:00,35.73,741.6523767,0,0
3/1/16 3:00,37.26,768.0464175,0,0
3/1/16 4:00,36.34,808.4802844,0,0
3/1/16 5:00,35.23,784.3062667,0,0
3/1/16 6:00,34.21,821.3272436,0,19250
3/1/16 7:00,33.43,788.3188056,0,75134
3/1/16 8:00,39.73,754.8994736,0,0
3/1/16 9:00,54.06,820.2419292,73026,37871
3/1/16 10:00,60.18,773.7385431,36189,33796
3/1/16 11:00,64.04,856.4494714,77078,31769
3/1/16 12:00,66.36,864.1459192,36053,5296
3/1/16 13:00,68.3,838.4964039,0,71417
3/1/16 14:00,69.41,843.7597631,2440,42521
3/1/16 15:00,70.2,829.0323886,0,39806
3/1/16 16:00,67.07,807.4865922,0,0
3/1/16 17:00,65.13,808.9808425,0,0
3/1/16 18:00,63.65,793.4082558,0,0
3/1/16 19:00,62.36,793.1121072,0,0
3/1/16 20:00,63.09,824.3304661,0,0
3/1/16 21:00,62.34,809.7759811,0,0
3/1/16 22:00,62.23,801.9751167,0,0
3/1/16 23:00,61.44,804.1623239,0,0
3/2/16 0:00,62.23,809.8584992,0,0
3/2/16 1:00,62.44,807.7963344,0,0
3/2/16 2:00,58.8,797.5923883,0,0
3/2/16 3:00,54.81,789.27985,0,19250
3/2/16 4:00,52.1,780.6665103,0,0
3/2/16 5:00,52.03,838.9873886,0,0
3/2/16 6:00,50.77,835.7182567,2442,0
3/2/16 7:00,49.72,827.5542944,38769,450
3/2/16 8:00,47.83,798.0287786,117831,112990
3/2/16 9:00,48.98,840.7750222,76814,75485
3/2/16 10:00,49.59,862.6511197,0,64161
3/2/16 11:00,48.8,854.1437533,49945,69807
3/2/16 12:00,47.85,849.6999964,36432,15924
3/2/16 13:00,47.71,850.45402,31122,85349
3/2/16 14:00,47.81,807.2234253,0,91794
3/2/16 15:00,47.81,832.8910714,0,0
3/2/16 16:00,47.74,821.3979181,0,0
3/2/16 17:00,45.77,803.4111858,0,0
3/2/16 18:00,42.88,791.4771217,0,0
3/2/16 19:00,39.91,737.7819764,0,0
3/2/16 20:00,37.87,733.6534094,0,0
3/2/16 21:00,36,703.4121108,0,0
3/2/16 22:00,33.12,731.5975203,0,0
3/2/16 23:00,32.78,756.8034311,0,0
3/3/16 0:00,30.88,737.4652225,0,0
3/3/16 1:00,29.95,757.0599106,0,0
3/3/16 2:00,28.71,761.4055539,0,19250
3/3/16 3:00,28.22,743.9145617,0,0
3/3/16 4:00,27.32,744.8876989,0,0
3/3/16 5:00,25.52,741.3597692,0,0
3/3/16 6:00,24.39,768.2761017,0,0
3/3/16 7:00,24.58,751.5950303,144874,450
3/3/16 8:00,30.91,755.1178317,0,113677
3/3/16 9:00,35.19,785.7813986,70338,69679
3/3/16 10:00,36.91,831.0907103,106426,224480
3/3/16 11:00,39.02,793.7950417,66240,70052
3/3/16 12:00,40.14,836.5257761,30721,0
3/3/16 13:00,42.06,829.3153033,85070,0
3/3/16 14:00,43.03,829.6629458,32900,34165
3/3/16 15:00,41.92,841.6081403,0,163146
3/3/16 16:00,42.07,812.0123739,0,76437
3/3/16 17:00,41.03,809.7033397,0,0
3/3/16 18:00,39.99,783.9731958,0,0
3/3/16 19:00,38.19,777.4404544,0,0
3/3/16 20:00,37.05,801.2619661,0,0
3/3/16 21:00,36.09,797.2592631,0,0
3/3/16 22:00,35.27,810.090885,0,0
3/3/16 23:00,34.3,759.742195,0,0
3/4/16 0:00,31.26,711.4332908,0,0
3/4/16 1:00,31.3,798.3425381,0,0
3/4/16 2:00,31.19,821.7286878,0,0
3/4/16 3:00,31.19,798.1193994,0,0
3/4/16 4:00,31.19,772.2780667,0,0
3/4/16 5:00,31.34,765.7252897,0,19250
3/4/16 6:00,32.12,775.0609181,0,0
3/4/16 7:00,32.16,783.5058061,110789,450
3/4/16 8:00,32.16,766.4575147,34848,0
3/4/16 9:00,33.2,771.9748003,165973,73872
3/4/16 10:00,34.35,781.5622578,110669,32799
3/4/16 11:00,35.49,850.9465722,110603,31628
3/4/16 12:00,39.02,840.7944033,76578,69360
3/4/16 13:00,38.96,861.1883275,48606,80464
3/4/16 14:00,40.06,812.7986328,125360,48462
3/4/16 15:00,40.54,861.1099392,38636,47480
3/4/16 16:00,41.53,823.3497867,0,0
3/4/16 17:00,41.42,811.84048,0,0
3/4/16 18:00,39.45,811.4280825,0,0
3/4/16 19:00,38.2,797.6143414,0,0
3/4/16 20:00,36.46,746.4765919,0,0
3/4/16 21:00,36.41,752.2317778,0,0
3/4/16 22:00,37.97,737.6504083,0,0
3/4/16 23:00,36.8,733.0723375,0,0
3/5/16 0:00,33.85,722.6638544,0,0
3/5/16 1:00,33.11,733.6846719,0,0
3/5/16 2:00,32.61,723.8234075,0,0
3/5/16 3:00,27.35,694.5846694,0,0
3/5/16 4:00,28.8,706.6408928,0,0
3/5/16 5:00,27.87,725.9912019,0,0
3/5/16 6:00,27.11,741.1157986,0,0
3/5/16 7:00,29.06,726.3720672,0,0
3/5/16 8:00,32.18,730.3687617,0,0
3/5/16 9:00,35.14,747.3662794,0,0
3/5/16 10:00,36.32,739.1690869,0,0
3/5/16 11:00,38.55,727.365275,0,0
3/5/16 12:00,40.3,739.9726672,0,0
3/5/16 13:00,40.38,746.7344081,0,0
3/5/16 14:00,40.56,737.2542733,0,0
3/5/16 15:00,41.38,718.0689106,0,0
3/5/16 16:00,42.17,717.059605,0,0
3/5/16 17:00,41.53,706.5336781,0,0
3/5/16 18:00,41.24,742.8770022,0,0
3/5/16 19:00,37.99,736.0867911,0,0
3/5/16 20:00,37.93,728.3647764,0,0
3/5/16 21:00,38.05,804.7654256,0,0
3/5/16 22:00,38.05,759.4890444,0,0
3/5/16 23:00,36.2,739.8751208,0,0
3/6/16 0:00,36.05,741.7160122,0,0
3/6/16 1:00,34.12,735.6020411,0,0
3/6/16 2:00,33.92,732.0807372,0,0
3/6/16 3:00,32.23,728.4334083,0,0
3/6/16 4:00,31.29,733.3273253,0,0
3/6/16 5:00,31.05,741.769625,0,0
3/6/16 6:00,32.8,691.0067222,0,0
3/6/16 7:00,33.97,735.9157314,373847,0
3/6/16 8:00,35.16,741.60076,103559,0
3/6/16 9:00,36.71,737.9554036,37009,33388
3/6/16 10:00,39.37,753.9168756,73096,37846
3/6/16 11:00,42.49,834.0379183,73304,9002
3/6/16 12:00,44.52,823.2576283,0,14177
3/6/16 13:00,46.3,813.0290853,0,12852
3/6/16 14:00,48.9,824.2507942,0,0
3/6/16 15:00,49.76,832.1345447,0,19250
3/6/16 16:00,49.27,822.7194928,0,0
3/6/16 17:00,49.05,801.0350272,0,0
3/6/16 18:00,46.59,787.2123294,0,0
3/6/16 19:00,41.25,757.9825164,0,0
3/6/16 20:00,39.25,719.80221,0,0
3/6/16 21:00,37.93,724.3122822,0,0
3/6/16 22:00,36.12,732.5251144,0,0
3/6/16 23:00,35.77,733.7185489,0,0
3/7/16 0:00,34.98,732.4558889,0,0
3/7/16 1:00,33.38,709.1927322,0,0
3/7/16 2:00,31.6,758.0876758,0,0
3/7/16 3:00,31.74,741.0340694,0,0
3/7/16 4:00,31.96,756.8824394,0,0
3/7/16 5:00,33,749.3516717,0,0
3/7/16 6:00,32.7,764.0522158,0,0
3/7/16 7:00,33.37,775.9398719,320602,63932
3/7/16 8:00,38.52,786.7470633,191978,82381
3/7/16 9:00,45.02,731.1941244,65521,112784
3/7/16 10:00,49.38,796.4085967,38534,46849
3/7/16 11:00,54.3,806.44654,156781,20995
3/7/16 12:00,57.35,825.1424228,80878,65374
3/7/16 13:00,60.38,857.8798542,120230,41948
3/7/16 14:00,63.23,878.4722733,73228,144000
3/7/16 15:00,61.77,888.4178681,19863,36907
3/7/16 16:00,64.27,859.1927289,0,4650
3/7/16 17:00,62.66,857.0777519,0,0
3/7/16 18:00,61.26,850.8393375,0,0
3/7/16 19:00,57.4,838.4947383,0,0
3/7/16 20:00,57.21,817.3851156,0,0
3/7/16 21:00,55.34,822.2594367,0,0
3/7/16 22:00,54.5,787.6964853,0,0
3/7/16 23:00,54.79,788.6668761,0,0
3/8/16 0:00,57.17,831.9567817,0,0
3/8/16 1:00,56.39,821.8451686,0,0
3/8/16 2:00,55.47,800.0653181,0,0
3/8/16 3:00,52.72,810.5484944,0,0
3/8/16 4:00,50.02,842.1158031,0,19250
3/8/16 5:00,48.64,825.5196114,0,0
3/8/16 6:00,45.02,806.8881625,0,0
3/8/16 7:00,46.74,859.4597783,141244,0
3/8/16 8:00,54.36,854.4881586,111072,107463
3/8/16 9:00,59.3,840.7764828,105755,52130
3/8/16 10:00,64.49,894.7862819,116996,0
3/8/16 11:00,69.74,852.2896153,37220,50742
3/8/16 12:00,73.55,817.3199414,0,3226
3/8/16 13:00,76.24,891.2271108,0,25750
3/8/16 14:00,78.05,897.0584508,38426,35120
3/8/16 15:00,77.31,897.9976961,69524,96934
3/8/16 16:00,77.34,895.8575272,0,138761
3/8/16 17:00,77.05,890.9259242,0,69756
3/8/16 18:00,70.21,892.8371736,0,0
3/8/16 19:00,62.58,859.0210694,0,0
3/8/16 20:00,59.23,848.1901033,0,0
3/8/16 21:00,58.18,840.1988528,0,0
3/8/16 22:00,55.35,856.7353036,0,0
3/8/16 23:00,55.18,848.4762872,0,0
3/9/16 0:00,54.01,852.5843478,0,0
3/9/16 1:00,51.69,815.0102025,0,0
3/9/16 2:00,55.32,817.2570169,0,0
3/9/16 3:00,49.47,859.2240603,0,0
3/9/16 4:00,51.17,820.38275,0,0
3/9/16 5:00,48.44,830.0132792,0,19250
3/9/16 6:00,50.41,813.9392842,35942,0
3/9/16 7:00,47.91,808.9492119,35148,37850
3/9/16 8:00,55.63,830.3456108,38112,72875
3/9/16 9:00,62.61,876.9817183,155537,38644
3/9/16 10:00,69.96,847.7910242,38819,137279
3/9/16 11:00,73.16,837.9212031,0,40692
3/9/16 12:00,76.08,849.9728331,39427,0
3/9/16 13:00,78.03,909.8871911,0,73524
3/9/16 14:00,78.89,883.9491444,44179,65429
3/9/16 15:00,78.15,835.8103217,0,142390
3/9/16 16:00,78.14,885.8082675,0,38388
3/9/16 17:00,74.64,862.1352628,0,0
3/9/16 18:00,71.29,852.1311017,0,0
3/9/16 19:00,64.99,858.8811486,0,0
3/9/16 20:00,66.4,844.7112589,0,0
3/9/16 21:00,64.09,837.7042642,0,0
3/9/16 22:00,63.82,822.5750558,0,0
3/9/16 23:00,64.73,822.7581758,0,0
3/10/16 0:00,64.57,800.7133392,0,0
3/10/16 1:00,65.24,830.7362431,0,0
3/10/16 2:00,64.38,829.7951942,0,0
3/10/16 3:00,63.42,837.9483667,0,0
3/10/16 4:00,62.47,793.7170836,0,19250
3/10/16 5:00,61.47,816.9714636,0,0
3/10/16 6:00,60.54,860.4589217,0,0
3/10/16 7:00,59.76,863.9096928,191631,70549
3/10/16 8:00,62.54,883.7030011,110976,0
3/10/16 9:00,65.43,908.1101172,135289,73159
3/10/16 10:00,68.51,907.2525892,75862,110122
3/10/16 11:00,72.36,902.1404828,38102,71118
3/10/16 12:00,73.76,922.7018469,21665,36137
3/10/16 13:00,77.08,883.6516303,115200,33386
3/10/16 14:00,77.26,867.5321383,0,109272
3/10/16 15:00,77.15,928.0607611,39218,100823
3/10/16 16:00,77.29,921.9267458,0,109593
3/10/16 17:00,74.55,848.9631339,0,0
3/10/16 18:00,73.29,825.7502647,0,0
3/10/16 19:00,70.96,877.7440125,0,0
3/10/16 20:00,67.28,844.5967292,0,0
3/10/16 21:00,70.04,857.44407,0,0
3/10/16 22:00,68.65,849.5673119,0,0
3/10/16 23:00,67.69,847.77179,0,0
3/11/16 0:00,68.4,835.9378247,0,0
3/11/16 1:00,69.12,857.0182722,0,0
3/11/16 2:00,68.34,825.7712972,0,0
3/11/16 3:00,68.15,813.2620211,0,19250
3/11/16 4:00,67.18,816.5451419,0,19250
3/11/16 5:00,66.29,858.9865247,0,0
3/11/16 6:00,65.97,865.6474456,0,0
3/11/16 7:00,65.04,809.2009208,150875,50941
3/11/16 8:00,67.17,874.3105239,37241,138496
3/11/16 9:00,68.39,890.6524889,27542,20071
3/11/16 10:00,70.79,898.5205931,31771,73364
3/11/16 11:00,70.26,878.7186481,80,104903
3/11/16 12:00,71.55,874.5799531,66813,24172
3/11/16 13:00,70.78,887.7553311,45285,103289
3/11/16 14:00,71.27,891.6034572,36893,14907
3/11/16 15:00,71.51,856.1126636,0,83934
3/11/16 16:00,73.12,845.9889408,0,10643
3/11/16 17:00,73.01,792.0192558,0,0
3/11/16 18:00,68.97,841.2697114,0,0
3/11/16 19:00,63.97,807.9174442,0,0
3/11/16 20:00,61.93,806.6614211,0,0
3/11/16 21:00,57.47,798.8619969,0,0
3/11/16 22:00,55.46,800.2155653,0,0
3/11/16 23:00,54.25,828.9628347,0,0
3/12/16 0:00,52.21,818.3488142,0,0
3/12/16 1:00,50.6,808.742515,0,0
3/12/16 2:00,51.1,819.3871531,0,0
3/12/16 3:00,50.82,803.4308686,0,0
3/12/16 4:00,52.48,812.330635,0,0
3/12/16 5:00,52.76,839.2070369,0,0
3/12/16 6:00,52.95,815.73569,0,0
3/12/16 7:00,52.1,806.8091178,0,0
3/12/16 8:00,54.05,820.5872811,0,0
3/12/16 9:00,55.3,819.6058683,0,0
3/12/16 10:00,57.26,733.5498003,0,0
3/12/16 11:00,59.18,819.0410983,0,0
3/12/16 12:00,60.18,776.0987736,0,0
3/12/16 13:00,61.26,755.7120717,0,0
3/12/16 14:00,61.28,769.4252314,0,0
3/12/16 15:00,60.54,754.3464919,0,0
3/12/16 16:00,61.38,764.2552289,0,0
3/12/16 17:00,61.19,747.8000017,0,0
3/12/16 18:00,59.95,774.6325947,0,0
3/12/16 19:00,55.98,728.2369025,0,0
3/12/16 20:00,55.54,757.2231244,0,0
3/12/16 21:00,54,751.6166083,0,0
3/12/16 22:00,53.89,751.0752631,0,0
3/12/16 23:00,53.04,717.5704283,0,0
3/13/16 0:00,53.03,731.8142786,0,0
3/13/16 1:00,52.69,750.2290286,0,0
3/13/16 3:00,51.85,764.1842686,0,0
3/13/16 4:00,50.92,727.0813822,0,0
3/13/16 5:00,50.31,802.6652617,0,0
3/13/16 6:00,51.04,800.8139436,231249,0
3/13/16 7:00,51.02,826.0598028,184093,0
3/13/16 8:00,52.1,832.6639133,31268,108331
3/13/16 9:00,56.11,811.0085528,0,0
3/13/16 10:00,61.37,842.7539294,0,26741
3/13/16 11:00,65.44,858.2619786,0,34820
3/13/16 12:00,68.75,862.7577408,0,54267
3/13/16 13:00,70.9,811.6994236,0,0
3/13/16 14:00,72.82,795.8755294,0,0
3/13/16 15:00,74.02,858.6411661,0,0
3/13/16 16:00,73.39,794.5519653,0,0
3/13/16 17:00,72.42,779.4941061,0,0
3/13/16 18:00,67.25,756.3866444,0,0
3/13/16 19:00,60.2,748.287855,0,0
3/13/16 20:00,59.16,755.748525,0,0
3/13/16 21:00,56.37,758.7489639,0,0
3/13/16 22:00,54.33,750.5812847,0,0
3/13/16 23:00,54.15,762.9910183,0,0
3/14/16 0:00,54.11,764.4626097,0,0
3/14/16 1:00,53.92,760.8436153,0,0
3/14/16 2:00,53,773.4653561,0,0
3/14/16 3:00,52.17,724.4685317,0,0
3/14/16 4:00,51.25,762.2856256,0,0
3/14/16 5:00,50.39,773.6093583,0,0
3/14/16 6:00,50.28,799.9439606,0,0
3/14/16 7:00,50.19,761.2638247,68476,30570
3/14/16 8:00,50.02,795.2925369,75077,191242
3/14/16 9:00,50.2,794.0681856,173077,65222
3/14/16 10:00,50.24,840.5157436,153868,70549
3/14/16 11:00,51.2,856.0514756,134702,38406
3/14/16 12:00,53.02,823.5487672,44007,68921
3/14/16 13:00,53.31,869.4090753,57809,64129
3/14/16 14:00,54.39,853.4980667,0,35638
3/14/16 15:00,55.49,867.4662242,74792,37959
3/14/16 16:00,57.06,844.81711,0,109834
3/14/16 17:00,56.15,808.08577,0,74678
3/14/16 18:00,55.29,844.6109872,0,0
3/14/16 19:00,54.39,836.9815478,0,0
3/14/16 20:00,53.25,819.6354444,0,0
3/14/16 21:00,52.39,801.2367797,0,0
3/14/16 22:00,52.2,826.2555836,0,0
3/14/16 23:00,52.13,817.734525,0,0
3/15/16 0:00,51.99,810.7551589,0,0
3/15/16 1:00,51.02,807.2340311,0,0
3/15/16 2:00,50.2,824.29717,0,0
3/15/16 3:00,50.2,826.3930256,0,19250
3/15/16 4:00,50.13,845.5350017,0,19250
3/15/16 5:00,49.17,830.1782133,0,0
3/15/16 6:00,48.25,759.7422322,0,0
3/15/16 7:00,48.17,822.1495422,111573,64698
3/15/16 8:00,48.17,833.9525944,68374,86643
3/15/16 9:00,48.31,835.6164958,114437,46825
3/15/16 10:00,49.91,830.4165336,99553,109963
3/15/16 11:00,52.66,847.6231075,32634,0
3/15/16 12:00,55.76,855.6889611,27264,0
3/15/16 13:00,58.79,842.4478436,96767,82291
3/15/16 14:00,61.79,883.455575,34201,0
3/15/16 15:00,64.15,824.5752333,0,0
3/15/16 16:00,66.24,844.5026131,0,0
3/15/16 17:00,68.05,835.0945839,0,0
3/15/16 18:00,68.95,795.6986492,0,0
3/15/16 19:00,65.55,739.3087389,0,0
3/15/16 20:00,59.42,732.8124689,0,0
3/15/16 21:00,57.88,776.9727853,0,0
3/15/16 22:00,54.39,758.3210378,0,0
3/15/16 23:00,54.16,769.3139944,0,0
3/16/16 0:00,52.92,749.3612406,0,0
3/16/16 1:00,51.52,765.6409794,0,0
3/16/16 2:00,50.38,779.6699139,0,0
3/16/16 3:00,49.71,740.8202861,0,0
3/16/16 4:00,49.46,766.2501711,0,19250
3/16/16 5:00,50.39,773.7490944,0,0
3/16/16 6:00,50.97,785.54087,0,0
3/16/16 7:00,50.46,780.1899469,75077,0
3/16/16 8:00,52.7,866.3499097,57785,206703
3/16/16 9:00,58.01,802.9899633,139791,20696
3/16/16 10:00,63.04,898.6878783,30,68430
3/16/16 11:00,66.52,904.1677692,0,42282
3/16/16 12:00,71.1,870.96177,38354,34239
3/16/16 13:00,75.06,862.0072014,44496,105801
3/16/16 14:00,76.51,908.1229678,0,120453
3/16/16 15:00,80.21,884.6380181,26430,87242
3/16/16 16:00,82.99,841.4028503,0,25259
3/16/16 17:00,82.5,836.6444589,0,0
3/16/16 18:00,81.82,846.8497219,0,0
3/16/16 19:00,80.17,804.6843128,0,0
3/16/16 20:00,73.81,742.45168,0,0
3/16/16 21:00,70.63,850.0929208,0,0
3/16/16 22:00,70.61,801.9187636,0,0
3/16/16 23:00,67.99,792.6209847,0,0
3/17/16 0:00,61.91,821.1738178,0,0
3/17/16 1:00,58.32,806.2835797,0,0
3/17/16 2:00,56.05,806.7183428,0,0
3/17/16 3:00,55.1,798.4026886,0,19250
3/17/16 4:00,52.13,820.5618792,0,0
3/17/16 5:00,51.42,828.8308875,0,0
3/17/16 6:00,50.33,852.5301464,0,0
3/17/16 7:00,47.55,850.9757683,156424,10
3/17/16 8:00,46.5,845.4184192,0,35227
3/17/16 9:00,57.31,830.5811928,76071,101245
3/17/16 10:00,62.98,852.0808708,0,0
3/17/16 11:00,65.23,832.2144169,14976,48545
3/17/16 12:00,68.12,816.5224906,0,72626
3/17/16 13:00,69.49,898.5276867,42624,36733
3/17/16 14:00,71.34,846.8591114,0,0
3/17/16 15:00,73.12,858.7814442,0,122845
3/17/16 16:00,73.3,832.4995461,0,95195
3/17/16 17:00,73.16,800.3564975,0,0
3/17/16 18:00,72.9,829.16018,0,0
3/17/16 19:00,70.81,822.2226189,0,0
3/17/16 20:00,65.83,811.4246319,0,0
3/17/16 21:00,63.34,808.2155186,0,0
3/17/16 22:00,58.64,813.2152533,0,0
3/17/16 23:00,55.89,819.1225597,0,0
3/18/16 0:00,54.11,808.6326731,0,0
3/18/16 1:00,52.86,698.8859819,0,0
3/18/16 2:00,51.53,759.0099158,0,19250
3/18/16 3:00,48.21,816.6340886,0,0
3/18/16 4:00,46.94,813.8410347,0,0
3/18/16 5:00,46.5,830.3891094,0,0
3/18/16 6:00,47.01,829.4518261,0,0
3/18/16 7:00,41.06,822.078685,36594,31765
3/18/16 8:00,41.29,820.9948969,73684,59594
3/18/16 9:00,51.1,867.3440483,185387,98194
3/18/16 10:00,58.16,869.1799028,69721,14283
3/18/16 11:00,61.3,830.8994725,87574,29462
3/18/16 12:00,63.9,858.1996272,34947,65887
3/18/16 13:00,65.09,866.9596717,27910,109742
3/18/16 14:00,66.2,836.1413575,0,15070
3/18/16 15:00,67.2,785.3530689,0,0
3/18/16 16:00,68.16,769.3492792,0,0
3/18/16 17:00,68.3,838.593815,0,0
3/18/16 18:00,68.05,822.6860667,0,0
3/18/16 19:00,65.76,822.1642397,0,0
3/18/16 20:00,58.64,767.8780331,0,0
3/18/16 21:00,53.24,755.5492886,0,0
3/18/16 22:00,53.24,755.3538836,0,0
3/18/16 23:00,50.32,760.0811181,0,0
3/19/16 0:00,49.76,766.1506642,0,0
3/19/16 1:00,45.83,772.7246425,0,0
3/19/16 2:00,45.4,751.9353589,0,0
3/19/16 3:00,44.63,743.5778003,0,0
3/19/16 4:00,44.44,710.3598744,0,0
3/19/16 5:00,45.75,723.0706781,0,0
3/19/16 6:00,46.09,732.3199025,0,0
3/19/16 7:00,46.13,735.8460947,0,0
3/19/16 8:00,45.35,801.1300425,0,0
3/19/16 9:00,46.3,779.5050836,0,0
3/19/16 10:00,47.16,768.8687725,0,0
3/19/16 11:00,48.25,786.9042764,0,0
3/19/16 12:00,50.12,782.8607758,0,0
3/19/16 13:00,49.99,743.7375056,0,0
3/19/16 14:00,50.17,753.6043189,0,0
3/19/16 15:00,49.17,746.6301592,0,0
3/19/16 16:00,48.85,747.8420564,0,0
3/19/16 17:00,47.66,724.1704042,0,0
3/19/16 18:00,45.47,714.9303986,0,0
3/19/16 19:00,41.14,740.0127694,0,0
3/19/16 20:00,40.03,745.1969683,0,0
3/19/16 21:00,39.16,719.7705083,0,0
3/19/16 22:00,38.99,778.3090319,0,0
3/19/16 23:00,39.02,785.9366736,0,0
3/20/16 0:00,38.19,775.3269669,0,0
3/20/16 1:00,38.19,752.3766136,0,0
3/20/16 2:00,38.05,731.3340061,0,0
3/20/16 3:00,38.05,732.3298222,0,0
3/20/16 4:00,37.98,735.8986678,0,0
3/20/16 5:00,37.19,769.93887,0,0
3/20/16 6:00,37.19,761.5833544,160486,0
3/20/16 7:00,37.19,700.0050047,114945,0
3/20/16 8:00,38.01,750.6937172,98017,57054
3/20/16 9:00,39.15,747.4547481,32342,0
3/20/16 10:00,40.11,741.7981586,0,114741
3/20/16 11:00,41.11,755.8521336,0,0
3/20/16 12:00,42.11,738.3215828,0,19250
3/20/16 13:00,42.22,828.4958722,0,0
3/20/16 14:00,43.93,792.1761133,0,0
3/20/16 15:00,43.01,794.3904031,0,0
3/20/16 16:00,42.18,777.5119903,0,0
3/20/16 17:00,41.23,796.06453,0,0
3/20/16 18:00,40.44,787.6143811,0,0
3/20/16 19:00,39.95,775.3315136,0,0
3/20/16 20:00,39.09,719.705215,0,0
3/20/16 21:00,38.13,710.6155908,0,0
3/20/16 22:00,37.95,748.4298864,0,0
3/20/16 23:00,37.12,736.1544781,0,0
3/21/16 0:00,36.3,747.0845289,0,0
3/21/16 1:00,36.26,736.2641528,0,0
3/21/16 2:00,36.12,731.4667811,0,0
3/21/16 3:00,36.12,734.5984122,0,0
3/21/16 4:00,36.12,769.2279092,0,0
3/21/16 5:00,36.12,744.6504303,0,0
3/21/16 6:00,36.86,758.9044147,0,0
3/21/16 7:00,37.04,768.3614233,177475,54317
3/21/16 8:00,37.76,762.4515933,99796,38579
3/21/16 9:00,39.95,782.0778561,110252,0
3/21/16 10:00,42.09,722.6353997,0,35602
3/21/16 11:00,45.19,800.0914303,0,101920
3/21/16 12:00,47.49,827.4508011,66726,35215
3/21/16 13:00,48.99,850.7594244,0,52534
3/21/16 14:00,52.23,824.9911847,0,52666
3/21/16 15:00,53.13,846.4417636,0,0
3/21/16 16:00,54.09,838.1283586,0,0
3/21/16 17:00,54.09,799.5370833,0,0
3/21/16 18:00,54.01,813.1986553,0,0
3/21/16 19:00,51.85,797.4268378,0,0
3/21/16 20:00,48.88,808.4283725,0,0
3/21/16 21:00,47.33,800.5093667,0,0
3/21/16 22:00,45.35,814.4391869,0,0
3/21/16 23:00,42.76,766.401885,0,0
3/22/16 0:00,35.65,796.4382231,0,19250
3/22/16 1:00,34.48,797.0462114,0,0
3/22/16 2:00,31.03,770.3331997,0,0
3/22/16 3:00,30.77,751.5638622,0,0
3/22/16 4:00,31.45,755.0255847,0,0
3/22/16 5:00,29.88,740.7015839,0,0
3/22/16 6:00,32.23,771.3527042,0,0
3/22/16 7:00,31.37,753.4760439,113133,74051
3/22/16 8:00,34,763.7305319,98529,0
3/22/16 9:00,42.59,842.9382939,37403,77334
3/22/16 10:00,49.56,829.2196814,34172,86517
3/22/16 11:00,53.59,864.8436511,28014,0
3/22/16 12:00,56.98,825.3380228,0,63230
3/22/16 13:00,57.56,813.777825,35862,37276
3/22/16 14:00,60.2,864.1137633,0,70555
3/22/16 15:00,62.17,840.8955942,0,36726
3/22/16 16:00,63.4,845.3491614,0,0
3/22/16 17:00,63.44,837.5448197,0,0
3/22/16 18:00,63.18,822.3514369,0,0
3/22/16 19:00,60.24,805.35749,0,0
3/22/16 20:00,57.31,808.4155736,0,0
3/22/16 21:00,53.62,791.0855072,0,0
3/22/16 22:00,54.34,807.5419936,0,0
3/22/16 23:00,53.38,773.2633475,0,0
3/23/16 0:00,53.22,792.2832153,0,0
3/23/16 1:00,52.43,816.7558944,0,0
3/23/16 2:00,51.46,769.4016928,0,0
3/23/16 3:00,50.41,755.8812306,0,0
3/23/16 4:00,49.5,786.4990706,0,19250
3/23/16 5:00,48.66,778.6535544,0,0
3/23/16 6:00,48.63,783.6686817,0,0
3/23/16 7:00,46.71,780.3499136,182981,0
3/23/16 8:00,50.43,780.1651467,74427,67924
3/23/16 9:00,53.52,846.0967492,37848,68832
3/23/16 10:00,58.36,855.3295675,160773,71038
3/23/16 11:00,63.42,839.3652208,108795,0
3/23/16 12:00,69.06,827.8649569,37738,30680
3/23/16 13:00,72.16,848.6406689,0,66201
3/23/16 14:00,73.9,836.0594711,0,78574
3/23/16 15:00,74.26,848.7875319,0,73930
3/23/16 16:00,75.18,792.1008542,0,99073
3/23/16 17:00,75.37,852.8105744,0,0
3/23/16 18:00,74.19,822.4866953,0,0
3/23/16 19:00,71.3,824.1999403,0,0
3/23/16 20:00,66.19,830.0406583,0,0
3/23/16 21:00,61.54,821.6110114,0,0
3/23/16 22:00,59.8,830.9957042,0,0
3/23/16 23:00,62.75,817.7531594,0,0
3/24/16 0:00,60.4,829.5469419,0,0
3/24/16 1:00,58.35,814.2618294,0,0
3/24/16 2:00,59.74,821.3627528,0,0
3/24/16 3:00,54.97,781.08442,0,19250
3/24/16 4:00,52.46,748.8051675,0,0
3/24/16 5:00,50.85,741.1437494,0,0
3/24/16 6:00,49.9,767.7159017,0,0
3/24/16 7:00,49.63,808.2168881,113056,20912
3/24/16 8:00,52.82,794.0258361,83,0
3/24/16 9:00,58.54,818.1146314,0,6315
3/24/16 10:00,63.51,803.6139522,39415,98766
3/24/16 11:00,69.19,858.1982011,33064,38427
3/24/16 12:00,72.12,875.7996308,32342,73211
3/24/16 13:00,73.29,848.5139253,0,181257
3/24/16 14:00,76.09,842.9353842,32342,14
3/24/16 15:00,76.26,838.0575139,0,33366
3/24/16 16:00,77.12,799.9970236,0,0
3/24/16 17:00,76.3,819.9819131,0,18461
3/24/16 18:00,75.4,804.2519925,0,0
3/24/16 19:00,73.37,816.3663803,0,0
3/24/16 20:00,71.43,826.4957364,0,0
3/24/16 21:00,69.47,843.5872681,0,0
3/24/16 22:00,67.54,865.8404925,0,0
3/24/16 23:00,67.4,852.7190644,0,0
3/25/16 0:00,66.26,846.2351886,0,0
3/25/16 1:00,65.22,835.9923678,0,0
3/25/16 2:00,64.43,836.7259092,0,0
3/25/16 3:00,64.22,829.819445,0,0
3/25/16 4:00,64.22,846.2832717,0,0
3/25/16 5:00,64.29,843.1594422,0,19250
3/25/16 6:00,64.29,825.2093503,0,0
3/25/16 7:00,64.36,891.6548044,155252,1800
3/25/16 8:00,64.36,823.0387975,103022,66921
3/25/16 9:00,66.34,873.0006114,78532,46553
3/25/16 10:00,69.2,895.1011653,103146,66606
3/25/16 11:00,71.95,878.8043542,31516,78460
3/25/16 12:00,71.32,883.4381378,38555,75791
3/25/16 13:00,73.27,905.3474269,8597,0
3/25/16 14:00,74.95,903.9195583,0,92550
3/25/16 15:00,75.09,859.4833236,36082,16702
3/25/16 16:00,77.73,851.9786458,0,34467
3/25/16 17:00,77.04,865.6315517,0,0
3/25/16 18:00,76.01,830.7710528,0,0
3/25/16 19:00,72.93,827.7091453,0,0
3/25/16 20:00,69.51,818.3685817,0,0
3/25/16 21:00,64.28,804.5829108,0,0
3/25/16 22:00,62,792.3280978,0,0
3/25/16 23:00,60.07,819.6653775,0,0
3/26/16 0:00,54.85,807.1965256,0,0
3/26/16 1:00,52.61,829.2312872,0,0
3/26/16 2:00,50.46,839.3323978,0,0
3/26/16 3:00,49.42,822.1570572,0,0
3/26/16 4:00,49.24,752.8468,0,0
3/26/16 5:00,48.27,755.0711417,0,0
3/26/16 6:00,46.44,752.8909011,0,0
3/26/16 7:00,45.3,764.3023217,0,0
3/26/16 8:00,46.13,745.4328653,0,0
3/26/16 9:00,47.24,746.5711706,0,0
3/26/16 10:00,48.24,749.8002981,0,0
3/26/16 11:00,50.37,721.0782894,0,0
3/26/16 12:00,52.4,752.3307861,0,0
3/26/16 13:00,54.5,759.4854469,0,0
3/26/16 14:00,55.51,742.9819897,0,0
3/26/16 15:00,56.54,812.2043772,0,0
3/26/16 16:00,59.17,781.3748469,0,0
3/26/16 17:00,59.09,804.0598575,0,0
3/26/16 18:00,58.88,788.1557486,0,0
3/26/16 19:00,57.91,813.3900325,0,0
3/26/16 20:00,56.57,746.4936228,0,0
3/26/16 21:00,55.02,772.9928464,0,0
3/26/16 22:00,52.51,746.7438178,0,0
3/26/16 23:00,50.43,742.2928236,0,0
3/27/16 0:00,50.25,710.7917197,0,0
3/27/16 1:00,49.18,735.7373658,0,0
3/27/16 2:00,49.97,758.0197406,0,0
3/27/16 3:00,49.18,740.1170964,0,0
3/27/16 4:00,49.97,765.8933561,0,0
3/27/16 5:00,49.18,740.2626019,0,0
3/27/16 6:00,48.4,776.9054417,223951,0
3/27/16 7:00,48.44,792.8271225,411496,0
3/27/16 8:00,48.44,809.7010653,112727,0
3/27/16 9:00,49.16,819.2251822,0,0
3/27/16 10:00,49.37,849.5589581,0,36676
3/27/16 11:00,51.15,830.5160553,0,6154
3/27/16 12:00,52.15,830.2345117,0,3234
3/27/16 13:00,52.37,843.3074442,0,65618
3/27/16 14:00,53.26,790.3255619,0,41918
3/27/16 16:00,54.09,823.6720064,0,0
3/27/16 17:00,54.23,781.7084464,0,0
3/27/16 18:00,53.3,794.0404981,0,0
3/27/16 19:00,53.13,791.5888303,0,0
3/27/16 20:00,52.35,808.70692,0,0
3/27/16 21:00,52.3,786.1391975,0,0
3/27/16 22:00,52.3,802.5697911,0,0
3/27/16 23:00,52.13,806.6989236,0,0
3/28/16 0:00,52.13,788.8282667,0,0
3/28/16 1:00,52.13,802.1236058,0,0
3/28/16 2:00,52.13,765.6472817,0,0
3/28/16 3:00,52.13,699.9048397,0,0
3/28/16 4:00,52.13,764.9259769,0,0
3/28/16 5:00,52.16,772.914335,0,0
3/28/16 6:00,52.13,777.7705442,0,0
3/28/16 7:00,52.13,756.4836078,207005,35098
3/28/16 8:00,53.77,793.3025294,0,62010
3/28/16 9:00,56.93,769.8772081,32342,105292
3/28/16 10:00,61.94,788.3919367,36367,37988
3/28/16 11:00,65.79,863.1422358,21627,31590
3/28/16 12:00,68.41,859.7059681,36828,50
3/28/16 13:00,70.37,856.3060325,0,165506
3/28/16 14:00,70.69,858.6248081,0,60660
3/28/16 15:00,73.9,866.5444211,0,57229
3/28/16 16:00,73.12,842.236305,0,44393
3/28/16 17:00,71.86,830.7372408,0,67221
3/28/16 18:00,69.83,855.4541094,0,0
3/28/16 19:00,66.83,818.8404744,0,0
3/28/16 20:00,62.75,810.5718847,0,0
3/28/16 21:00,59.79,824.9295403,0,0
3/28/16 22:00,56.95,786.5851414,0,0
3/28/16 23:00,54.25,815.8632569,36848,0
3/29/16 0:00,53.78,821.2736617,0,0
3/29/16 1:00,51.91,829.575605,0,0
3/29/16 2:00,50.82,808.0943003,0,0
3/29/16 3:00,49.53,802.2172783,0,0
3/29/16 4:00,46.45,817.9229314,0,0
3/29/16 5:00,46.63,825.3787542,0,0
3/29/16 6:00,43.21,706.3844153,0,0
3/29/16 7:00,44.07,737.15013,88448,73363
3/29/16 8:00,47.19,835.3357544,62432,74087
3/29/16 9:00,50.41,836.128035,114185,59861
3/29/16 10:00,54.02,861.2002272,14040,5616
3/29/16 11:00,56.19,845.6933825,53940,0
3/29/16 12:00,58.29,861.3918869,39778,69429
3/29/16 13:00,60.9,811.5876539,90797,3756
3/29/16 14:00,62.09,850.7759258,37095,71608
3/29/16 15:00,63.12,846.6564808,5731,4922
3/29/16 16:00,63.3,849.2257803,0,29512
3/29/16 17:00,64.87,828.9264878,0,0
3/29/16 18:00,63.87,803.6232639,0,0
3/29/16 19:00,60.84,813.5786364,0,0
3/29/16 20:00,54.42,794.0870908,0,0
3/29/16 21:00,51.83,828.9316911,0,0
3/29/16 22:00,49.67,824.0421969,0,0
3/29/16 23:00,46.59,825.679325,0,0
3/30/16 0:00,45.55,793.1218347,0,0
3/30/16 1:00,45.82,810.0756564,0,0
3/30/16 2:00,42.61,802.9303136,0,0
3/30/16 3:00,36.95,789.5068444,0,0
3/30/16 4:00,39.82,805.48233,0,0
3/30/16 5:00,37.91,808.3679786,0,0
3/30/16 6:00,35.87,802.4171331,0,0
3/30/16 7:00,34.92,818.4911011,107945,43688
3/30/16 8:00,39.69,811.7468892,56654,58325
3/30/16 9:00,47.91,790.448105,108717,37255
3/30/16 10:00,51.96,870.1821367,118027,49524
3/30/16 11:00,53.64,847.3958525,81514,38470
3/30/16 12:00,58,862.372715,9984,63316
3/30/16 13:00,60.18,851.7488078,38787,83448
3/30/16 14:00,61.29,856.7823272,0,67459
3/30/16 15:00,63.25,834.2049133,0,92030
3/30/16 16:00,65.2,829.6700856,0,94510
3/30/16 17:00,66.06,829.8975078,0,0
3/30/16 18:00,65,833.3925236,0,0
3/30/16 19:00,62,822.2286378,0,0
3/30/16 20:00,59.14,819.7771331,0,0
3/30/16 21:00,57.99,829.6403489,0,0
3/30/16 22:00,57.03,772.2495344,0,0
3/30/16 23:00,55.32,788.7468147,0,0