"id","facility_id","customer_name","expected_date","actual_date","total_weight"
1369950,79,"CARGILL MEAT SOLUTIONS CORP.","2016-03-01 08:14:00","2016-03-01 08:15:00",38800
1369951,79,"LEMAN USA INC.","2016-03-21 08:00:00","2016-03-21 08:00:00",27815
1369954,79,"CARGILL MEAT SOLUTIONS CORP.","2016-03-03 08:00:00","2016-03-03 08:00:00",30680
1369957,79,"CARGILL MEAT SOLUTIONS CORP.","2016-03-10 08:00:00","2016-03-10 08:00:00",28800
1369963,79,"CARGILL MEAT SOLUTIONS CORP.","2016-03-11 08:00:00","2016-03-11 08:00:00",32200
1369968,79,"CARGILL MEAT SOLUTIONS CORP.","2016-03-04 08:00:00","2016-03-04 08:00:00",40000
1369975,79,"CARGILL MEAT SOLUTIONS CORP.","2016-03-16 08:00:00","2016-03-16 08:00:00",40000
1369976,79,"CARGILL MEAT SOLUTIONS CORP.","2016-03-23 08:00:00","2016-03-23 08:00:00",40000
1369977,79,"CARGILL MEAT SOLUTIONS CORP.","2016-03-21 21:47:00","2016-03-21 00:00:00",40040
1369980,79,"CARGILL MEAT SOLUTIONS CORP.","2016-03-29 10:28:00","2016-03-29 10:30:00",40000
1370007,79,"PERDUE FOODS LLC","2016-03-02 10:00:00","2016-03-02 10:05:00",36322
1370008,79,"PERDUE FOODS LLC","2016-03-04 08:00:00","2016-03-04 08:00:00",36982
1370021,79,"PERDUE FOODS LLC","2016-03-01 16:16:00","2016-03-01 00:00:00",37498
1370022,79,"PERDUE FOODS LLC","2016-03-02 13:00:00","2016-03-02 13:00:00",38899
1370024,79,"PERDUE FOODS LLC","2016-03-02 19:32:00","2016-03-02 00:00:00",38030
1370037,79,"PERDUE FOODS LLC","2016-03-03 20:12:00","2016-03-03 00:00:00",36706
1370041,79,"PERDUE FOODS LLC","2016-03-04 15:00:00","2016-03-04 15:00:00",38030
1370047,79,"PERDUE FOODS LLC","2016-03-01 08:34:00","2016-03-01 08:35:00",39626
1370051,79,"PERDUE FOODS LLC","2016-03-02 19:38:00","2016-03-02 00:00:00",38030
1370053,79,"PERDUE FOODS LLC","2016-03-01 14:00:00","2016-03-01 14:00:00",26498
1370063,79,"EXPORTECH, INC.","2016-03-03 09:00:00","2016-03-03 09:00:00",17700
1370065,79,"PERDUE FOODS LLC","2016-03-03 09:00:00","2016-03-03 09:00:00",23050
1370067,79,"PERDUE FOODS LLC","2016-03-05 08:00:00","2016-03-05 08:00:00",38069
1370068,79,"PERDUE FOODS LLC","2016-03-03 14:00:00","2016-03-03 14:00:00",26007
1370071,79,"PERDUE FOODS LLC","2016-03-05 12:00:00","2016-03-05 12:00:00",39680
1370072,79,"PERDUE FOODS LLC","2016-03-03 09:00:00","2016-03-03 09:00:00",40607
1370076,79,"PERDUE FOODS LLC","2016-03-02 20:01:00","2016-03-02 00:00:00",29106
1370079,79,"EXPORTECH, INC.","2016-03-02 13:00:00","2016-03-02 13:00:00",35400
1370080,79,"PERDUE FOODS LLC","2016-03-04 15:00:00","2016-03-04 15:00:00",32009
1370081,79,"PERDUE FOODS LLC","2016-03-04 17:50:00","2016-03-04 00:00:00",31752
1370083,79,"PERDUE FOODS LLC","2016-03-02 12:00:00","2016-03-02 12:00:00",25968
1370086,79,"PERDUE FOODS LLC","2016-03-05 10:00:00","2016-03-05 10:00:00",18522
1370087,79,"PERDUE FOODS LLC","2016-03-02 09:00:00","2016-03-02 09:00:00",40034
1370088,79,"PERDUE FOODS LLC","2016-03-03 17:20:00","2016-03-03 00:00:00",22491
1370089,79,"PERDUE FOODS LLC","2016-03-03 19:56:00","2016-03-03 00:00:00",29084
1370091,79,"PERDUE FOODS LLC","2016-03-03 14:51:00","2016-03-03 00:00:00",32219
1370095,79,"PERDUE FOODS LLC","2016-03-03 19:40:00","2016-03-03 00:00:00",39480
1370097,79,"PERDUE FOODS LLC","2016-03-03 09:00:00","2016-03-03 09:00:00",37968
1370098,79,"PERDUE FOODS LLC","2016-03-05 09:00:00","2016-03-05 09:00:00",14176
1370102,79,"PERDUE FOODS LLC","2016-03-05 09:00:00","2016-03-05 09:00:00",33335
1370103,79,"PERDUE FOODS LLC","2016-03-11 15:19:00","2016-03-11 00:00:00",35715
1370105,79,"PERDUE FOODS LLC","2016-03-09 11:37:00","2016-03-09 11:38:00",37228
1370107,79,"PERDUE FOODS LLC","2016-03-07 08:49:00","2016-03-07 08:49:00",37038
1370108,79,"PERDUE FOODS LLC","2016-03-09 13:00:00","2016-03-09 13:00:00",38823
1370110,79,"PERDUE FOODS LLC","2016-03-08 15:00:00","2016-03-08 15:00:00",32915
1370112,79,"PERDUE FOODS LLC","2016-03-09 13:00:00","2016-03-09 13:00:00",25137
1370115,79,"PERDUE FOODS LLC","2016-03-11 08:00:00","2016-03-11 08:00:00",35515
1370116,79,"PERDUE FOODS LLC","2016-03-09 08:00:00","2016-03-09 08:00:00",35142
1370117,79,"PERDUE FOODS LLC","2016-03-07 10:00:00","2016-03-07 10:00:00",34398
1370120,79,"PERDUE FOODS LLC","2016-03-10 14:49:00","2016-03-10 00:00:00",23814
1370121,79,"PERDUE FOODS LLC","2016-03-09 14:00:00","2016-03-09 14:00:00",33500
1370124,79,"PERDUE FOODS LLC","2016-03-10 08:00:00","2016-03-10 08:00:00",32022
1370126,79,"PERDUE FOODS LLC","2016-03-10 14:35:00","2016-03-10 00:00:00",11938
1370128,79,"PERDUE FOODS LLC","2016-03-10 10:00:00","2016-03-10 10:00:00",39144
1370131,79,"PERDUE FOODS LLC","2016-03-09 20:31:00","2016-03-09 00:00:00",32091
1370132,79,"PERDUE FOODS LLC","2016-03-10 16:47:00","2016-03-10 00:00:00",38880
1370134,79,"PERDUE FOODS LLC","2016-03-11 11:00:00","2016-03-11 11:00:00",3641
1370136,79,"PERDUE FOODS LLC","2016-03-14 09:00:00","2016-03-14 09:00:00",31257
1370138,79,"PERDUE FOODS LLC","2016-03-12 09:00:00","2016-03-12 09:00:00",33687
1370141,79,"PERDUE FOODS LLC","2016-03-12 10:00:00","2016-03-12 10:00:00",20084
1370143,79,"PERDUE FOODS LLC","2016-03-12 10:00:00","2016-03-12 10:00:00",37350
1370146,79,"PERDUE FOODS LLC","2016-03-15 15:57:00","2016-03-15 00:00:00",33624
1370147,79,"PERDUE FOODS LLC","2016-03-14 08:00:00","2016-03-14 08:00:00",7619
1370149,79,"PERDUE FOODS LLC","2016-03-16 11:00:00","2016-03-16 11:00:00",35674
1370150,79,"PERDUE FOODS LLC","2016-03-16 20:11:00","2016-03-16 00:00:00",36528
1370153,79,"PERDUE FOODS LLC","2016-03-16 19:37:00","2016-03-16 00:00:00",21825
1370155,79,"PERDUE FOODS LLC","2016-03-17 17:50:00","2016-03-17 00:00:00",37335
1370156,79,"PERDUE FOODS LLC","2016-03-17 17:37:00","2016-03-17 00:00:00",36687
1370159,79,"PERDUE FOODS LLC","2016-03-18 14:00:00","2016-03-18 14:00:00",37038
1370160,79,"PERDUE FOODS LLC","2016-03-20 07:56:00","2016-03-21 09:52:00",36866
1370162,79,"PERDUE FOODS LLC","2016-03-20 07:39:00","2016-03-21 09:54:00",31217
1370164,79,"PERDUE FOODS LLC","2016-03-14 10:00:00","2016-03-14 10:00:00",23939
1370165,79,"PERDUE FOODS LLC","2016-03-14 15:28:00","2016-03-14 00:00:00",37992
1370168,79,"PERDUE FOODS LLC","2016-03-15 12:40:00","2016-03-15 00:00:00",27122
1370170,79,"PERDUE FOODS LLC","2016-03-15 15:00:00","2016-03-15 00:00:00",28665
1370172,79,"PERDUE FOODS LLC","2016-03-15 08:25:00","2016-03-15 08:26:00",35936
1370173,79,"PERDUE FOODS LLC","2016-03-15 09:17:00","2016-03-15 09:18:00",23870
1370176,79,"PERDUE FOODS LLC","2016-03-17 15:00:00","2016-03-17 15:00:00",32937
1370177,79,"PERDUE FOODS LLC","2016-03-15 12:24:00","2016-03-15 00:00:00",37435
1370180,79,"PERDUE FOODS LLC","2016-03-18 08:00:00","2016-03-18 08:00:00",30672
1370181,79,"PERDUE FOODS LLC","2016-03-17 11:00:00","2016-03-17 11:00:00",31505
1370182,79,"PERDUE FOODS LLC","2016-03-18 09:00:00","2016-03-18 09:00:00",35649
1370183,79,"PERDUE FOODS LLC","2016-03-25 13:00:00","2016-03-25 13:00:00",27153
1370184,79,"PERDUE FOODS LLC","2016-03-21 08:00:00","2016-03-21 08:00:00",27097
1370187,79,"PERDUE FOODS LLC","2016-03-19 08:32:00","2016-03-19 00:00:00",37490
1370188,79,"PERDUE FOODS LLC","2016-03-18 10:00:00","2016-03-18 10:00:00",36278
1370191,79,"PERDUE FOODS LLC","2016-03-19 08:25:00","2016-03-19 00:00:00",39719
1370192,79,"PERDUE FOODS LLC","2016-03-19 11:47:00","2016-03-19 00:00:00",36046
1370194,79,"PERDUE FOODS LLC","2016-03-22 07:15:00","2016-03-22 07:17:00",21177
1370198,79,"PERDUE FOODS LLC","2016-03-23 15:52:00","2016-03-23 00:00:00",35384
1370199,79,"PERDUE FOODS LLC","2016-03-23 19:12:00","2016-03-23 00:00:00",34392
1370200,79,"PERDUE FOODS LLC","2016-03-23 16:05:00","2016-03-23 00:00:00",35979
1370202,79,"PERDUE FOODS LLC","2016-03-22 12:34:00","2016-03-22 00:00:00",32476
1370203,79,"PERDUE FOODS LLC","2016-03-24 15:00:00","2016-03-24 15:00:00",35020
1370206,79,"PERDUE FOODS LLC","2016-03-23 15:29:00","2016-03-23 00:00:00",40547
1370207,79,"PERDUE FOODS LLC","2016-03-22 09:42:00","2016-03-22 09:44:00",38274
1370208,79,"PERDUE FOODS LLC","2016-03-23 19:23:00","2016-03-23 00:00:00",5929
1370211,79,"PERDUE FOODS LLC","2016-03-23 14:00:00","2016-03-23 14:00:00",35971
1370212,79,"PERDUE FOODS LLC","2016-03-23 12:00:00","2016-03-23 12:00:00",25800
1370213,79,"PERDUE FOODS LLC","2016-03-22 16:17:00","2016-03-22 00:00:00",37504
1370214,79,"PERDUE FOODS LLC","2016-03-23 15:58:00","2016-03-23 00:00:00",30168
1370215,79,"PERDUE FOODS LLC","2016-03-22 21:42:00","2016-03-22 00:00:00",23146
1370217,79,"PERDUE FOODS LLC","2016-03-24 13:00:00","2016-03-24 13:00:00",41547
1370219,79,"PERDUE FOODS LLC","2016-03-24 11:00:00","2016-03-24 11:00:00",25605
1370220,79,"PERDUE FOODS LLC","2016-03-25 09:00:00","2016-03-25 09:00:00",40043
1370221,79,"PERDUE FOODS LLC","2016-03-23 16:12:00","2016-03-23 00:00:00",37176
1370222,79,"PERDUE FOODS LLC","2016-03-25 10:00:00","2016-03-25 10:00:00",30936
1370223,79,"PERDUE FOODS LLC","2016-03-25 11:00:00","2016-03-25 11:00:00",26096
1370226,79,"PERDUE FOODS LLC","2016-03-29 09:49:00","2016-03-29 09:51:00",39035
1370227,79,"PERDUE FOODS LLC","2016-03-26 08:26:00","2016-03-26 00:00:00",38685
1370228,79,"PERDUE FOODS LLC","2016-03-26 08:20:00","2016-03-26 00:00:00",36410
1370229,79,"PERDUE FOODS LLC","2016-03-29 15:07:00","2016-03-29 00:00:00",15320
1370231,79,"PERDUE FOODS LLC","2016-03-28 08:00:00","2016-03-28 08:00:00",32209
1370234,79,"PERDUE FOODS LLC","2016-03-28 10:00:00","2016-03-28 10:00:00",26460
1370235,79,"PERDUE FOODS LLC","2016-03-28 14:00:00","2016-03-28 14:00:00",31752
1370236,79,"PERDUE FOODS LLC","2016-03-28 08:00:00","2016-03-28 08:00:00",37270
1370240,79,"PERDUE FOODS LLC","2016-03-28 08:00:00","2016-03-28 08:00:00",37895
1370241,79,"PERDUE FOODS LLC","2016-03-29 12:18:00","2016-03-29 12:17:00",38030
1370242,79,"PERDUE FOODS LLC","2016-03-29 16:59:00","2016-03-29 00:00:00",34722
1370245,79,"PERDUE FOODS LLC","2016-03-30 08:00:00","2016-03-30 08:00:00",35053
1370247,79,"PERDUE FOODS LLC","2016-03-30 15:45:00","2016-03-30 00:00:00",36766
1370260,79,"PERDUE FOODS LLC","2016-03-29 08:30:00","2016-03-29 08:38:00",5160
1370266,79,"PERDUE FOODS LLC","2016-03-30 09:00:00","2016-03-30 09:00:00",41257
1370270,79,"PERDUE FOODS LLC","2016-03-30 11:00:00","2016-03-30 11:00:00",25671
1370271,79,"PERDUE FOODS LLC","2016-03-30 08:00:00","2016-03-30 08:00:00",41548
1370276,79,"PERDUE FOODS LLC","2016-03-28 14:00:00","2016-03-28 14:00:00",39305
1370288,79,"PERDUE FOODS LLC","2016-03-30 14:38:00","2016-03-30 00:00:00",39324
1370289,79,"PERDUE FOODS LLC","2016-03-31 19:37:00","2016-03-31 00:00:00",37026
1370353,79,"PILGRIM'S PRIDE BROADWAY(IRPS)","2016-03-18 08:00:00","2016-03-18 08:00:00",38802
1370372,79,"PILGRIM'S PRIDE BROADWAY(IRPS)","2016-03-08 08:00:00","2016-03-08 08:00:00",38846
1370378,79,"PILGRIM'S PRIDE BROADWAY(IRPS)","2016-03-01 07:16:00","2016-03-01 07:16:00",39463
1370379,79,"PILGRIM'S PRIDE BROADWAY(IRPS)","2016-03-04 12:00:00","2016-03-04 12:00:00",38890
1370384,79,"PILGRIM'S PRIDE BROADWAY(IRPS)","2016-03-02 08:00:00","2016-03-02 08:00:00",38923
1370389,79,"PILGRIM'S PRIDE BROADWAY(IRPS)","2016-03-11 08:00:00","2016-03-11 08:00:00",38890
1370394,79,"PILGRIM'S PRIDE BROADWAY(IRPS)","2016-03-08 19:53:00","2016-03-08 00:00:00",38151
1370395,79,"PERDUE FOODS LLC","2016-03-24 13:00:00","2016-03-24 13:00:00",643
1370396,79,"PILGRIM'S PRIDE BROADWAY(IRPS)","2016-03-02 10:00:00","2016-03-02 10:00:00",38890
1370397,79,"PILGRIM'S PRIDE BROADWAY(IRPS)","2016-03-09 14:00:00","2016-03-09 14:00:00",38802
1370400,79,"PILGRIM'S PRIDE BROADWAY(IRPS)","2016-03-03 08:00:00","2016-03-03 08:00:00",38890
1370405,79,"PILGRIM'S PRIDE BROADWAY(IRPS)","2016-03-07 10:00:00","2016-03-07 10:00:00",38890
1370407,79,"PILGRIM'S PRIDE BROADWAY(IRPS)","2016-03-18 08:00:00","2016-03-18 09:00:00",38890
1370408,79,"PILGRIM'S PRIDE BROADWAY(IRPS)","2016-03-08 08:00:00","2016-03-08 08:00:00",38890
1370410,79,"PILGRIM'S PRIDE BROADWAY(IRPS)","2016-03-04 08:00:00","2016-03-04 08:00:00",38802
1370411,79,"PILGRIM'S PRIDE BROADWAY(IRPS)","2016-03-19 08:14:00","2016-03-19 00:00:00",38802
1370413,79,"PILGRIM'S PRIDE BROADWAY(IRPS)","2016-03-18 08:00:00","2016-03-18 08:00:00",38890
1370414,79,"PILGRIM'S PRIDE BROADWAY(IRPS)","2016-03-03 11:00:00","2016-03-03 11:00:00",38890
1370417,79,"PILGRIM'S PRIDE BROADWAY(IRPS)","2016-03-19 08:09:00","2016-03-19 00:00:00",38890
1370420,79,"PILGRIM'S PRIDE BROADWAY(IRPS)","2016-03-08 09:00:00","2016-03-08 09:00:00",35200
1370422,79,"PILGRIM'S PRIDE BROADWAY(IRPS)","2016-03-29 07:37:00","2016-03-29 07:36:00",38890
1370426,79,"PILGRIM'S PRIDE BROADWAY(IRPS)","2016-03-12 08:00:00","2016-03-12 08:00:00",38890
1370428,79,"PILGRIM'S PRIDE BROADWAY(IRPS)","2016-03-12 08:00:00","2016-03-12 08:00:00",38537
1370429,79,"PILGRIM'S PRIDE BROADWAY(IRPS)","2016-03-01 07:37:00","2016-03-01 07:38:00",38669
1370430,79,"PILGRIM'S PRIDE BROADWAY(IRPS)","2016-03-01 12:00:00","2016-03-01 12:00:00",38229
1370432,79,"PILGRIM'S PRIDE BROADWAY(IRPS)","2016-03-05 09:00:00","2016-03-05 09:00:00",38802
1370433,79,"PILGRIM'S PRIDE BROADWAY(IRPS)","2016-03-05 08:00:00","2016-03-05 08:00:00",38802
1370435,79,"PILGRIM'S PRIDE BROADWAY(IRPS)","2016-03-08 08:00:00","2016-03-08 08:00:00",38846
1370436,79,"PILGRIM'S PRIDE BROADWAY(IRPS)","2016-03-04 12:00:00","2016-03-04 12:00:00",38890
1370440,79,"PILGRIM'S PRIDE BROADWAY(IRPS)","2016-03-12 09:00:00","2016-03-12 09:00:00",38890
1370441,79,"PILGRIM'S PRIDE BROADWAY(IRPS)","2016-03-12 08:00:00","2016-03-12 08:00:00",38471
1370446,79,"PILGRIM'S PRIDE BROADWAY(IRPS)","2016-03-03 08:00:00","2016-03-03 08:00:00",38868
1370447,79,"PILGRIM'S PRIDE BROADWAY(IRPS)","2016-03-08 09:00:00","2016-03-08 09:00:00",35200
1370454,79,"PILGRIM'S PRIDE BROADWAY(IRPS)","2016-03-02 12:00:00","2016-03-02 12:00:00",38714
1370455,79,"PILGRIM'S PRIDE BROADWAY(IRPS)","2016-03-02 08:00:00","2016-03-02 08:00:00",38890
1370460,79,"PILGRIM'S PRIDE BROADWAY(IRPS)","2016-03-08 14:00:00","2016-03-08 14:00:00",38945
1370463,79,"PILGRIM'S PRIDE BROADWAY(IRPS)","2016-03-18 14:00:00","2016-03-18 14:00:00",38802
1370467,79,"PILGRIM'S PRIDE BROADWAY(IRPS)","2016-03-14 14:00:00","2016-03-14 14:00:00",38846
1370468,79,"PILGRIM'S PRIDE BROADWAY(IRPS)","2016-03-14 08:00:00","2016-03-14 08:00:00",38890
1370473,79,"PILGRIM'S PRIDE BROADWAY(IRPS)","2016-03-02 08:00:00","2016-03-02 08:00:00",38846
1370477,79,"PILGRIM'S PRIDE BROADWAY(IRPS)","2016-03-02 13:00:00","2016-03-02 13:00:00",38890
1370478,79,"PILGRIM'S PRIDE BROADWAY(IRPS)","2016-03-22 08:02:00","2016-03-22 08:03:00",38890
1370483,79,"PILGRIM'S PRIDE BROADWAY(IRPS)","2016-03-23 08:00:00","2016-03-23 08:00:00",39221
1370490,79,"PILGRIM'S PRIDE BROADWAY(IRPS)","2016-03-07 12:24:00","2016-03-07 12:22:00",38802
1370497,79,"PILGRIM'S PRIDE BROADWAY(IRPS)","2016-03-11 11:00:00","2016-03-11 11:00:00",38890
1370498,79,"PILGRIM'S PRIDE BROADWAY(IRPS)","2016-03-15 07:40:00","2016-03-15 07:41:00",38670
1370500,79,"PILGRIM'S PRIDE BROADWAY(IRPS)","2016-03-24 16:35:00","2016-03-24 00:00:00",38890
1370502,79,"PILGRIM'S PRIDE BROADWAY(IRPS)","2016-03-01 12:00:00","2016-03-01 12:00:00",38747
1370505,79,"PILGRIM'S PRIDE BROADWAY(IRPS)","2016-03-09 09:00:00","2016-03-09 09:00:00",38493
1370506,79,"PILGRIM'S PRIDE BROADWAY(IRPS)","2016-03-29 10:32:00","2016-03-29 10:34:00",38802
1370508,79,"PILGRIM'S PRIDE BROADWAY(IRPS)","2016-03-01 14:00:00","2016-03-01 14:00:00",38890
1370511,79,"PILGRIM'S PRIDE BROADWAY(IRPS)","2016-03-16 08:00:00","2016-03-16 08:00:00",38669
1370512,79,"PILGRIM'S PRIDE BROADWAY(IRPS)","2016-03-21 08:00:00","2016-03-21 08:00:00",39089
1370513,79,"PILGRIM'S PRIDE BROADWAY(IRPS)","2016-03-10 11:00:00","2016-03-10 11:00:00",38802
1370514,79,"PILGRIM'S PRIDE BROADWAY(IRPS)","2016-03-16 08:00:00","2016-03-16 08:00:00",38890
1370519,79,"PILGRIM'S PRIDE BROADWAY(IRPS)","2016-03-05 08:00:00","2016-03-05 08:00:00",38802
1370521,79,"PILGRIM'S PRIDE BROADWAY(IRPS)","2016-03-21 08:00:00","2016-03-21 08:00:00",38625
1370524,79,"PILGRIM'S PRIDE BROADWAY(IRPS)","2016-03-21 08:00:00","2016-03-21 08:00:00",38802
1370525,79,"PILGRIM'S PRIDE BROADWAY(IRPS)","2016-03-25 13:00:00","2016-03-25 13:00:00",38670
1370526,79,"PILGRIM'S PRIDE BROADWAY(IRPS)","2016-03-04 08:00:00","2016-03-04 08:00:00",38780
1370527,79,"PILGRIM'S PRIDE BROADWAY(IRPS)","2016-03-10 14:46:00","2016-03-10 00:00:00",38890
1370531,79,"PILGRIM'S PRIDE BROADWAY(IRPS)","2016-03-11 08:00:00","2016-03-11 08:00:00",38471
1370534,79,"PILGRIM'S PRIDE BROADWAY(IRPS)","2016-03-10 12:00:00","2016-03-10 12:00:00",38504
1370535,79,"PILGRIM'S PRIDE BROADWAY(IRPS)","2016-03-29 07:33:00","2016-03-29 07:31:00",38802
1370536,79,"PILGRIM'S PRIDE BROADWAY(IRPS)","2016-03-10 08:00:00","2016-03-10 08:00:00",38846
1370537,79,"PILGRIM'S PRIDE BROADWAY(IRPS)","2016-03-11 08:00:00","2016-03-11 08:00:00",38659
1370546,79,"PILGRIM'S PRIDE BROADWAY(IRPS)","2016-03-07 14:55:00","2016-03-07 00:00:00",38846
1370548,79,"PILGRIM'S PRIDE BROADWAY(IRPS)","2016-03-15 07:28:00","2016-03-15 07:29:00",39023
1370549,79,"PILGRIM'S PRIDE BROADWAY(IRPS)","2016-03-24 14:00:00","2016-03-24 14:00:00",38449
1370553,79,"PILGRIM'S PRIDE BROADWAY(IRPS)","2016-03-29 08:57:00","2016-03-29 09:04:00",35200
1370554,79,"PILGRIM'S PRIDE BROADWAY(IRPS)","2016-03-17 14:00:00","2016-03-17 14:00:00",38890
1370556,79,"PILGRIM'S PRIDE BROADWAY(IRPS)","2016-03-29 20:04:00","2016-03-29 00:00:00",38890
1370564,79,"PILGRIM'S PRIDE BROADWAY(IRPS)","2016-03-12 09:00:00","2016-03-12 09:00:00",38802
1370565,79,"PILGRIM'S PRIDE BROADWAY(IRPS)","2016-03-25 09:00:00","2016-03-25 09:00:00",38890
1370568,79,"PILGRIM'S PRIDE BROADWAY(IRPS)","2016-03-22 13:10:00","2016-03-22 00:00:00",38802
1370570,79,"PILGRIM'S PRIDE BROADWAY(IRPS)","2016-03-14 10:00:00","2016-03-14 10:00:00",38890
1370571,79,"PILGRIM'S PRIDE BROADWAY(IRPS)","2016-03-17 08:00:00","2016-03-17 08:00:00",38990
1370579,79,"PILGRIM'S PRIDE BROADWAY(IRPS)","2016-03-16 09:00:00","2016-03-16 09:00:00",38890
1370580,79,"PILGRIM'S PRIDE BROADWAY(IRPS)","2016-03-23 08:00:00","2016-03-23 08:00:00",38802
1370584,79,"PILGRIM'S PRIDE BROADWAY(IRPS)","2016-03-22 07:17:00","2016-03-22 07:18:00",38758
1370585,79,"PILGRIM'S PRIDE BROADWAY(IRPS)","2016-03-24 08:00:00","2016-03-24 08:00:00",38714
1370588,79,"PILGRIM'S PRIDE BROADWAY(IRPS)","2016-03-23 11:00:00","2016-03-23 11:00:00",39287
1370589,79,"PILGRIM'S PRIDE BROADWAY(IRPS)","2016-03-24 09:00:00","2016-03-24 09:00:00",38890
1370591,79,"PILGRIM'S PRIDE BROADWAY(IRPS)","2016-03-17 11:00:00","2016-03-17 11:00:00",38802
1370594,79,"PILGRIM'S PRIDE BROADWAY(IRPS)","2016-03-18 14:00:00","2016-03-18 14:00:00",38890
1370597,79,"PILGRIM'S PRIDE BROADWAY(IRPS)","2016-03-17 13:00:00","2016-03-17 13:00:00",37720
1370599,79,"PILGRIM'S PRIDE BROADWAY(IRPS)","2016-03-22 14:06:00","2016-03-22 00:00:00",38669
1370600,79,"PILGRIM'S PRIDE BROADWAY(IRPS)","2016-03-18 15:35:00","2016-03-18 00:00:00",38802
1370603,79,"PILGRIM'S PRIDE BROADWAY(IRPS)","2016-03-23 14:00:00","2016-03-23 14:00:00",38802
1370604,79,"PILGRIM'S PRIDE BROADWAY(IRPS)","2016-03-28 08:00:00","2016-03-28 08:00:00",38890
1370605,79,"PILGRIM'S PRIDE BROADWAY(IRPS)","2016-03-24 08:00:00","2016-03-24 08:00:00",38802
1370608,79,"PILGRIM'S PRIDE BROADWAY(IRPS)","2016-03-19 09:34:00","2016-03-19 00:00:00",38923
1370613,79,"PILGRIM'S PRIDE BROADWAY(IRPS)","2016-03-25 08:00:00","2016-03-25 08:00:00",38802
1370614,79,"PILGRIM'S PRIDE BROADWAY(IRPS)","2016-03-30 14:53:00","2016-03-30 00:00:00",38802
1370617,79,"PILGRIM'S PRIDE BROADWAY(IRPS)","2016-03-26 07:54:00","2016-03-26 00:00:00",38714
1370619,79,"PILGRIM'S PRIDE BROADWAY(IRPS)","2016-03-26 11:18:00","2016-03-26 00:00:00",38780
1370621,79,"PILGRIM'S PRIDE BROADWAY(IRPS)","2016-03-21 14:47:00","2016-03-21 00:00:00",38890
1370626,79,"PILGRIM'S PRIDE BROADWAY(IRPS)","2016-03-24 08:00:00","2016-03-24 08:00:00",38890
1370627,79,"PILGRIM'S PRIDE BROADWAY(IRPS)","2016-03-29 10:38:00","2016-03-29 10:37:00",38890
1370630,79,"PILGRIM'S PRIDE BROADWAY(IRPS)","2016-03-23 12:00:00","2016-03-23 12:00:00",38802
1370631,79,"PILGRIM'S PRIDE BROADWAY(IRPS)","2016-03-22 19:22:00","2016-03-22 00:00:00",38890
1370633,79,"PILGRIM'S PRIDE BROADWAY(IRPS)","2016-03-22 07:12:00","2016-03-22 07:24:00",38802
1370634,79,"PILGRIM'S PRIDE BROADWAY(IRPS)","2016-03-23 07:00:00","2016-03-23 07:00:00",38714
1370635,79,"PILGRIM'S PRIDE BROADWAY(IRPS)","2016-03-23 16:20:00","2016-03-23 00:00:00",38802
1370637,79,"PILGRIM'S PRIDE BROADWAY(IRPS)","2016-03-25 15:00:00","2016-03-25 15:00:00",38802
1370640,79,"PILGRIM'S PRIDE BROADWAY(IRPS)","2016-03-24 11:00:00","2016-03-24 11:00:00",38846
1370647,79,"PILGRIM'S PRIDE BROADWAY(IRPS)","2016-03-31 19:33:00","2016-03-31 00:00:00",38802
1370649,79,"PILGRIM'S PRIDE BROADWAY(IRPS)","2016-03-30 11:00:00","2016-03-30 11:00:00",38890
1370651,79,"PILGRIM'S PRIDE BROADWAY(IRPS)","2016-03-31 16:02:00","2016-03-31 00:00:00",38890
1370653,79,"PILGRIM'S PRIDE BROADWAY(IRPS)","2016-03-30 11:00:00","2016-03-30 11:00:00",38890
1370657,79,"PILGRIM'S PRIDE BROADWAY(IRPS)","2016-03-30 08:00:00","2016-03-30 08:00:00",38802
1370659,79,"PILGRIM'S PRIDE BROADWAY(IRPS)","2016-03-25 13:00:00","2016-03-25 13:00:00",38890
1370698,79,"FIORUCCI FOODS, INC.","2016-03-07 10:50:00","2016-03-07 10:52:00",22005
1370705,79,"FIORUCCI FOODS, INC.","2016-03-28 09:25:00","2016-03-28 09:28:00",22015
1370706,79,"LA TIENDA","2016-03-28 09:02:00","2016-03-28 09:14:00",578
1370717,79,"MAESTRI D'ITALIA","2016-03-03 14:37:00","2016-03-03 14:39:00",10117
1370744,79,"IS AMERICA LLC","2016-03-07 10:35:00","2016-03-07 10:37:00",212
1370746,79,"JOHN VOLPI AND CO","2016-03-09 08:14:00","2016-03-09 08:18:00",33087
1371621,79,"CARGILL MEAT SOLUTIONS CORP.","2016-03-08 11:00:00","2016-03-08 11:00:00",40000
1371627,79,"CARGILL MEAT SOLUTIONS CORP.","2016-03-15 07:52:00","2016-03-15 07:53:00",40000
1371632,79,"CARGILL MEAT SOLUTIONS CORP.","2016-03-09 08:00:00","2016-03-09 08:00:00",39880
1371635,79,"CARGILL MEAT SOLUTIONS CORP.","2016-03-30 08:00:00","2016-03-30 08:00:00",40000
1371640,79,"CARGILL MEAT SOLUTIONS CORP.","2016-03-28 13:00:00","2016-03-28 13:00:00",33240
1371680,79,"PERDUE FOODS LLC","2016-03-01 16:14:00","2016-03-01 00:00:00",36903
1371683,79,"PERDUE FOODS LLC","2016-03-01 15:00:00","2016-03-01 15:00:00",35589
1371686,79,"PERDUE FOODS LLC","2016-03-03 10:00:00","2016-03-03 10:00:00",38821
1371689,79,"PERDUE FOODS LLC","2016-03-05 12:00:00","2016-03-05 12:00:00",38030
1371694,79,"PERDUE FOODS LLC","2016-03-01 10:43:00","2016-03-01 10:44:00",29106
1371696,79,"PERDUE FOODS LLC","2016-03-05 12:00:00","2016-03-05 12:00:00",38361
1371701,79,"PERDUE FOODS LLC","2016-03-01 16:23:00","2016-03-01 00:00:00",21300
1371704,79,"PERDUE FOODS LLC","2016-03-03 14:00:00","2016-03-03 14:00:00",29856
1371706,79,"PERDUE FOODS LLC","2016-03-04 15:00:00","2016-03-04 15:00:00",29106
1371710,79,"PERDUE FOODS LLC","2016-03-03 10:00:00","2016-03-03 10:00:00",38904
1371713,79,"PERDUE FOODS LLC","2016-03-11 09:00:00","2016-03-11 09:00:00",39586
1371717,79,"PERDUE FOODS LLC","2016-03-07 08:56:00","2016-03-09 10:58:00",23066
1371724,79,"PERDUE FOODS LLC","2016-03-05 09:00:00","2016-03-05 09:00:00",33459
1371732,79,"PERDUE FOODS LLC","2016-03-08 13:00:00","2016-03-08 13:00:00",31752
1371738,79,"PERDUE FOODS LLC","2016-03-09 17:53:00","2016-03-09 00:00:00",36906
1371739,79,"PERDUE FOODS LLC","2016-03-09 17:52:00","2016-03-09 00:00:00",25132
1371740,79,"PERDUE FOODS LLC","2016-03-08 14:00:00","2016-03-08 14:00:00",38090
1371754,79,"PERDUE FOODS LLC","2016-03-11 12:00:00","2016-03-11 12:00:00",31752
1371755,79,"PERDUE FOODS LLC","2016-03-11 19:29:00","2016-03-11 00:00:00",35384
1371756,79,"PERDUE FOODS LLC","2016-03-10 20:58:00","2016-03-10 00:00:00",9920
1371757,79,"PERDUE FOODS LLC","2016-03-12 10:00:00","2016-03-12 10:00:00",29106
1371761,79,"PERDUE FOODS LLC","2016-03-11 08:00:00","2016-03-11 08:00:00",39192
1371767,79,"PERDUE FOODS LLC","2016-03-12 09:00:00","2016-03-12 09:00:00",29106
1371770,79,"PERDUE FOODS LLC","2016-03-12 10:00:00","2016-03-12 10:00:00",30424
1371775,79,"PERDUE FOODS LLC","2016-03-12 10:00:00","2016-03-12 10:00:00",39352
1371778,79,"PERDUE FOODS LLC","2016-03-12 10:00:00","2016-03-12 10:00:00",37699
1371780,79,"PERDUE FOODS LLC","2016-03-17 09:00:00","2016-03-17 09:00:00",33538
1371784,79,"PERDUE FOODS LLC","2016-03-18 15:40:00","2016-03-18 00:00:00",36329
1371788,79,"PERDUE FOODS LLC","2016-03-20 06:59:00","2016-03-21 09:48:00",35053
1371789,79,"PERDUE FOODS LLC","2016-03-18 19:48:00","2016-03-18 00:00:00",34722
1371794,79,"PERDUE FOODS LLC","2016-03-20 06:54:00","2016-03-21 09:50:00",36046
1371795,79,"PERDUE FOODS LLC","2016-03-16 14:34:00","2016-03-16 00:00:00",33574
1371801,79,"PERDUE FOODS LLC","2016-03-16 11:00:00","2016-03-16 11:00:00",35859
1371804,79,"PERDUE FOODS LLC","2016-03-17 15:00:00","2016-03-17 15:00:00",31800
1371807,79,"PERDUE FOODS LLC","2016-03-17 08:00:00","2016-03-17 08:00:00",28310
1371808,79,"PERDUE FOODS LLC","2016-03-17 14:00:00","2016-03-17 14:00:00",27812
1371812,79,"PERDUE FOODS LLC","2016-03-20 06:51:00","2016-03-21 09:29:00",28420
1371815,79,"PERDUE FOODS LLC","2016-03-22 22:37:00","2016-03-22 00:00:00",32070
1371818,79,"PERDUE FOODS LLC","2016-03-22 12:47:00","2016-03-22 00:00:00",35595
1371820,79,"PERDUE FOODS LLC","2016-03-24 11:00:00","2016-03-24 11:00:00",37037
1371826,79,"PERDUE FOODS LLC","2016-03-25 14:00:00","2016-03-25 14:00:00",33731
1371834,79,"PERDUE FOODS LLC","2016-03-24 15:00:00","2016-03-24 15:00:00",35292
1371836,79,"PERDUE FOODS LLC","2016-03-22 15:52:00","2016-03-22 00:00:00",35372
1371840,79,"PERDUE FOODS LLC","2016-03-24 13:00:00","2016-03-24 13:00:00",35718
1371845,79,"PERDUE FOODS LLC","2016-03-24 16:33:00","2016-03-24 00:00:00",38230
1371847,79,"PERDUE FOODS LLC","2016-03-25 13:00:00","2016-03-25 13:00:00",5446
1371851,79,"PERDUE FOODS LLC","2016-03-24 13:00:00","2016-03-24 14:00:00",37159
1371854,79,"PERDUE FOODS LLC","2016-03-25 09:00:00","2016-03-25 09:00:00",34560
1371855,79,"PERDUE FOODS LLC","2016-03-24 09:00:00","2016-03-24 09:00:00",37766
1371862,79,"PERDUE FOODS LLC","2016-03-24 16:30:00","2016-03-24 00:00:00",34084
1371868,79,"PERDUE FOODS LLC","2016-03-28 14:00:00","2016-03-28 14:00:00",8996
1371873,79,"PERDUE FOODS LLC","2016-03-30 19:37:00","2016-03-30 00:00:00",26105
1371892,79,"PERDUE FOODS LLC","2016-03-28 08:00:00","2016-03-28 08:00:00",21419
1371896,79,"PERDUE FOODS LLC","2016-03-28 09:00:00","2016-03-28 09:00:00",9280
1371898,79,"PERDUE FOODS LLC","2016-03-29 08:37:00","2016-03-29 08:39:00",680
1371906,79,"PERDUE FOODS LLC","2016-03-31 15:52:00","2016-03-31 00:00:00",36542
1371907,79,"PERDUE FOODS LLC","2016-03-28 11:00:00","2016-03-28 11:00:00",33698
1371925,79,"PERDUE FOODS LLC","2016-03-31 15:37:00","2016-03-31 00:00:00",37555
1372010,79,"PILGRIM'S PRIDE BROADWAY(IRPS)","2016-03-01 08:57:00","2016-03-01 08:58:00",35200
1372013,79,"PILGRIM'S PRIDE BROADWAY(IRPS)","2016-03-04 08:00:00","2016-03-04 08:00:00",38758
1372018,79,"PILGRIM'S PRIDE BROADWAY(IRPS)","2016-03-04 09:00:00","2016-03-04 09:00:00",38890
1372026,79,"PILGRIM'S PRIDE BROADWAY(IRPS)","2016-03-11 14:00:00","2016-03-11 14:00:00",38890
1372032,79,"PILGRIM'S PRIDE BROADWAY(IRPS)","2016-03-01 07:27:00","2016-03-01 07:27:00",38890
1372034,79,"PILGRIM'S PRIDE BROADWAY(IRPS)","2016-03-04 15:00:00","2016-03-04 15:00:00",38802
1372036,79,"PILGRIM'S PRIDE BROADWAY(IRPS)","2016-03-08 10:00:00","2016-03-08 10:00:00",38802
1372046,79,"PILGRIM'S PRIDE BROADWAY(IRPS)","2016-03-23 12:58:00","2016-03-23 13:00:00",38802
1372048,79,"PILGRIM'S PRIDE BROADWAY(IRPS)","2016-03-26 07:38:00","2016-03-26 00:00:00",38714
1372054,79,"PILGRIM'S PRIDE BROADWAY(IRPS)","2016-03-28 19:25:00","2016-03-28 00:00:00",38890
1372056,79,"PILGRIM'S PRIDE BROADWAY(IRPS)","2016-03-29 07:29:00","2016-03-29 07:31:00",38890
1372063,79,"PILGRIM'S PRIDE BROADWAY(IRPS)","2016-03-03 15:00:00","2016-03-03 15:00:00",38890
1372068,79,"PILGRIM'S PRIDE BROADWAY(IRPS)","2016-03-03 08:00:00","2016-03-03 08:00:00",38802
1372069,79,"PILGRIM'S PRIDE BROADWAY(IRPS)","2016-03-02 10:00:00","2016-03-02 10:00:00",38714
1372070,79,"PILGRIM'S PRIDE BROADWAY(IRPS)","2016-03-07 07:16:00","2016-03-07 07:17:00",38802
1372078,79,"PILGRIM'S PRIDE BROADWAY(IRPS)","2016-03-08 08:00:00","2016-03-08 08:00:00",38890
1372079,79,"PILGRIM'S PRIDE BROADWAY(IRPS)","2016-03-10 08:00:00","2016-03-10 08:00:00",38537
1372096,79,"PILGRIM'S PRIDE BROADWAY(IRPS)","2016-03-15 14:38:00","2016-03-15 00:00:00",38758
1372097,79,"PILGRIM'S PRIDE BROADWAY(IRPS)","2016-03-08 11:00:00","2016-03-08 11:00:00",38890
1372106,79,"PILGRIM'S PRIDE BROADWAY(IRPS)","2016-03-09 13:00:00","2016-03-09 13:00:00",38890
1372107,79,"PILGRIM'S PRIDE BROADWAY(IRPS)","2016-03-18 14:00:00","2016-03-18 14:00:00",38846
1372108,79,"PILGRIM'S PRIDE BROADWAY(IRPS)","2016-03-01 07:22:00","2016-03-01 07:23:00",38802
1372112,79,"PILGRIM'S PRIDE BROADWAY(IRPS)","2016-03-03 11:00:00","2016-03-03 11:00:00",38802
1372114,79,"PILGRIM'S PRIDE BROADWAY(IRPS)","2016-03-03 10:00:00","2016-03-03 10:00:00",38846
1372117,79,"PILGRIM'S PRIDE BROADWAY(IRPS)","2016-03-07 14:25:00","2016-03-07 00:00:00",38669
1372119,79,"PILGRIM'S PRIDE BROADWAY(IRPS)","2016-03-26 07:41:00","2016-03-26 00:00:00",38802
1372121,79,"PILGRIM'S PRIDE BROADWAY(IRPS)","2016-03-11 08:00:00","2016-03-11 08:00:00",38758
1372126,79,"PILGRIM'S PRIDE BROADWAY(IRPS)","2016-03-15 07:24:00","2016-03-15 07:25:00",38802
1372128,79,"PILGRIM'S PRIDE BROADWAY(IRPS)","2016-03-01 10:37:00","2016-03-01 10:37:00",38758
1372129,79,"PILGRIM'S PRIDE BROADWAY(IRPS)","2016-03-09 11:00:00","2016-03-09 11:00:00",36862
1372136,79,"PILGRIM'S PRIDE BROADWAY(IRPS)","2016-03-16 11:00:00","2016-03-16 11:00:00",38758
1372144,79,"PILGRIM'S PRIDE BROADWAY(IRPS)","2016-03-16 07:00:00","2016-03-16 07:00:00",39023
1372146,79,"PILGRIM'S PRIDE BROADWAY(IRPS)","2016-03-16 20:28:00","2016-03-16 00:00:00",38890
1372151,79,"PILGRIM'S PRIDE BROADWAY(IRPS)","2016-03-21 11:00:00","2016-03-21 11:00:00",38890
1372155,79,"PILGRIM'S PRIDE BROADWAY(IRPS)","2016-03-28 10:00:00","2016-03-28 10:00:00",38802
1372158,79,"PILGRIM'S PRIDE BROADWAY(IRPS)","2016-03-07 07:35:00","2016-03-07 07:35:00",38405
1372160,79,"PILGRIM'S PRIDE BROADWAY(IRPS)","2016-03-18 08:00:00","2016-03-18 08:00:00",38802
1372164,79,"PILGRIM'S PRIDE BROADWAY(IRPS)","2016-03-15 13:25:00","2016-03-15 00:00:00",38802
1372166,79,"PILGRIM'S PRIDE BROADWAY(IRPS)","2016-03-30 08:00:00","2016-03-30 08:00:00",38846
1372169,79,"PILGRIM'S PRIDE BROADWAY(IRPS)","2016-03-14 07:41:00","2016-03-14 07:43:00",38714
1372172,79,"PILGRIM'S PRIDE BROADWAY(IRPS)","2016-03-12 08:00:00","2016-03-12 08:00:00",38625
1372175,79,"PILGRIM'S PRIDE BROADWAY(IRPS)","2016-03-17 09:00:00","2016-03-17 09:00:00",35200
1372177,79,"PILGRIM'S PRIDE BROADWAY(IRPS)","2016-03-14 16:13:00","2016-03-14 00:00:00",38802
1372185,79,"PILGRIM'S PRIDE BROADWAY(IRPS)","2016-03-14 09:00:00","2016-03-14 09:00:00",38625
1372191,79,"PILGRIM'S PRIDE BROADWAY(IRPS)","2016-03-28 08:00:00","2016-03-28 08:00:00",38802
1372192,79,"PILGRIM'S PRIDE BROADWAY(IRPS)","2016-03-22 17:38:00","2016-03-22 00:00:00",38802
1372193,79,"PILGRIM'S PRIDE BROADWAY(IRPS)","2016-03-18 09:00:00","2016-03-18 09:00:00",38890
1372198,79,"PILGRIM'S PRIDE BROADWAY(IRPS)","2016-03-17 19:38:00","2016-03-17 00:00:00",38802
1372200,79,"PILGRIM'S PRIDE BROADWAY(IRPS)","2016-03-17 08:00:00","2016-03-17 08:00:00",38714
1372202,79,"PILGRIM'S PRIDE BROADWAY(IRPS)","2016-03-25 17:04:00","2016-03-25 00:00:00",38890
1372206,79,"PILGRIM'S PRIDE BROADWAY(IRPS)","2016-03-17 14:00:00","2016-03-17 14:00:00",38802
1372215,79,"PILGRIM'S PRIDE BROADWAY(IRPS)","2016-03-30 13:00:00","2016-03-30 13:00:00",38802
1372221,79,"PILGRIM'S PRIDE BROADWAY(IRPS)","2016-03-23 14:00:00","2016-03-23 14:00:00",38802
1372224,79,"PILGRIM'S PRIDE BROADWAY(IRPS)","2016-03-25 08:00:00","2016-03-25 09:00:00",38890
1372231,79,"PILGRIM'S PRIDE BROADWAY(IRPS)","2016-03-25 08:00:00","2016-03-25 08:00:00",38890
1372233,79,"PILGRIM'S PRIDE BROADWAY(IRPS)","2016-03-28 08:00:00","2016-03-28 08:00:00",38802
1372242,79,"PILGRIM'S PRIDE BROADWAY(IRPS)","2016-03-23 10:00:00","2016-03-23 10:00:00",35200
1372254,79,"CARGILL MEAT SOLUTIONS CORP.","2016-03-03 08:00:00","2016-03-03 08:00:00",40000
1372259,79,"EXPORTECH, INC.","2016-03-02 13:00:00","2016-03-02 13:00:00",35400
1372262,79,"EXPORTECH, INC.","2016-03-03 09:00:00","2016-03-03 09:00:00",17700
1372263,79,"CARGILL MEAT SOLUTIONS CORP.","2016-03-08 08:00:00","2016-03-08 08:00:00",40000
1372267,79,"CARGILL MEAT SOLUTIONS CORP.","2016-03-14 12:28:00","2016-03-14 12:30:00",39800
1372273,79,"CARGILL MEAT SOLUTIONS CORP.","2016-03-23 08:00:00","2016-03-23 08:00:00",40000
1372297,79,"LEMAN USA INC.","2016-03-21 11:00:00","2016-03-21 11:00:00",17048
1372299,79,"ALICE FOOD CORP.","2016-03-04 09:03:00","2016-03-04 09:05:00",35195
1372305,79,"ALICE FOOD CORP.","2016-03-15 13:19:00","2016-03-15 13:20:00",40323
1372324,79,"PERDUE FOODS LLC","2016-03-02 10:00:00","2016-03-02 10:00:00",35139
1372326,79,"PERDUE FOODS LLC","2016-03-05 12:00:00","2016-03-05 12:00:00",37700
1372328,79,"PERDUE FOODS LLC","2016-03-04 17:53:00","2016-03-04 00:00:00",34722
1372329,79,"PERDUE FOODS LLC","2016-03-01 10:31:00","2016-03-01 10:32:00",39508
1372336,79,"PERDUE FOODS LLC","2016-03-01 07:32:00","2016-03-01 07:32:00",37991
1372337,79,"PERDUE FOODS LLC","2016-03-02 13:50:00","2016-03-02 13:51:00",40431
1372340,79,"PERDUE FOODS LLC","2016-03-05 12:00:00","2016-03-05 12:00:00",3638
1372345,79,"PERDUE FOODS LLC","2016-03-07 12:00:00","2016-03-07 12:00:00",28400
1372350,79,"PERDUE FOODS LLC","2016-03-08 14:00:00","2016-03-08 14:00:00",31620
1372351,79,"PERDUE FOODS LLC","2016-03-08 17:02:00","2016-03-08 00:00:00",36700
1372352,79,"PERDUE FOODS LLC","2016-03-08 10:00:00","2016-03-08 10:00:00",33202
1372356,79,"PERDUE FOODS LLC","2016-03-09 08:00:00","2016-03-09 08:00:00",35912
1372358,79,"PERDUE FOODS LLC","2016-03-09 13:00:00","2016-03-09 13:00:00",6984
1372362,79,"PERDUE FOODS LLC","2016-03-10 12:00:00","2016-03-10 12:00:00",35443
1372372,79,"PERDUE FOODS LLC","2016-03-11 19:31:00","2016-03-11 00:00:00",35880
1372376,79,"PERDUE FOODS LLC","2016-03-07 14:39:00","2016-03-07 00:00:00",37865
1372380,79,"PERDUE FOODS LLC","2016-03-09 15:08:00","2016-03-09 00:00:00",29106
1372381,79,"PERDUE FOODS LLC","2016-03-08 19:42:00","2016-03-08 00:00:00",39120
1372386,79,"PERDUE FOODS LLC","2016-03-10 16:44:00","2016-03-10 00:00:00",19845
1372390,79,"PERDUE FOODS LLC","2016-03-10 10:00:00","2016-03-10 10:00:00",21697
1372392,79,"PERDUE FOODS LLC","2016-03-11 08:00:00","2016-03-11 08:00:00",35065
1372396,79,"PERDUE FOODS LLC","2016-03-14 09:00:00","2016-03-14 09:00:00",33698
1372398,79,"PERDUE FOODS LLC","2016-03-15 07:44:00","2016-03-15 07:46:00",34392
1372400,79,"PERDUE FOODS LLC","2016-03-12 10:00:00","2016-03-12 10:00:00",37619
1372409,79,"PERDUE FOODS LLC","2016-03-16 08:00:00","2016-03-16 08:00:00",30562
1372414,79,"PERDUE FOODS LLC","2016-03-16 14:00:00","2016-03-16 14:00:00",34062
1372417,79,"PERDUE FOODS LLC","2016-03-18 09:00:00","2016-03-18 09:00:00",37258
1372423,79,"PERDUE FOODS LLC","2016-03-15 07:46:00","2016-03-15 07:48:00",10299
1372428,79,"PERDUE FOODS LLC","2016-03-11 16:03:00","2016-03-11 00:00:00",29106
1372433,79,"PERDUE FOODS LLC","2016-03-16 20:25:00","2016-03-16 00:00:00",31752
1372435,79,"PERDUE FOODS LLC","2016-03-15 13:52:00","2016-03-15 00:00:00",15929
1372438,79,"PERDUE FOODS LLC","2016-03-17 08:00:00","2016-03-17 08:00:00",34558
1372440,79,"PERDUE FOODS LLC","2016-03-16 08:00:00","2016-03-16 08:00:00",31654
1372446,79,"PERDUE FOODS LLC","2016-03-21 08:00:00","2016-03-21 08:00:00",29268
1372450,79,"PERDUE FOODS LLC","2016-03-18 16:41:00","2016-03-18 00:00:00",29106
1372452,79,"PERDUE FOODS LLC","2016-03-23 12:00:00","2016-03-23 12:00:00",35007
1372456,79,"PERDUE FOODS LLC","2016-03-19 08:19:00","2016-03-19 00:00:00",3283
1372459,79,"PERDUE FOODS LLC","2016-03-25 20:13:00","2016-03-25 00:00:00",34636
1372464,79,"PERDUE FOODS LLC","2016-03-18 09:00:00","2016-03-18 09:00:00",35550
1372467,79,"PERDUE FOODS LLC","2016-03-25 08:00:00","2016-03-25 08:00:00",33731
1372472,79,"PERDUE FOODS LLC","2016-03-18 14:00:00","2016-03-18 14:00:00",30206
1372480,79,"PERDUE FOODS LLC","2016-03-22 16:19:00","2016-03-22 00:00:00",39156
1372482,79,"PERDUE FOODS LLC","2016-03-22 08:27:00","2016-03-22 08:28:00",38272
1372484,79,"PERDUE FOODS LLC","2016-03-25 17:03:00","2016-03-25 00:00:00",39188
1372489,79,"PERDUE FOODS LLC","2016-03-23 10:00:00","2016-03-23 10:00:00",38834
1372491,79,"PERDUE FOODS LLC","2016-03-25 17:00:00","2016-03-25 00:00:00",36991
1372496,79,"PERDUE FOODS LLC","2016-03-26 07:52:00","2016-03-26 00:00:00",36522
1372504,79,"PERDUE FOODS LLC","2016-03-28 10:00:00","2016-03-28 10:00:00",38030
1372512,79,"PERDUE FOODS LLC","2016-03-28 08:00:00","2016-03-28 08:00:00",37699
1372522,79,"PERDUE FOODS LLC","2016-03-29 17:01:00","2016-03-29 00:00:00",35053
1372550,79,"PERDUE FOODS LLC","2016-03-30 12:00:00","2016-03-30 12:00:00",32040
1372564,79,"PERDUE FOODS LLC","2016-03-30 15:46:00","2016-03-30 00:00:00",37579
1372703,79,"PERDUE FOODS LLC","2016-03-22 13:28:00","2016-03-22 00:00:00",3803
1372718,79,"PILGRIM'S PRIDE BROADWAY(IRPS)","2016-03-01 10:29:00","2016-03-01 10:31:00",38802
1372722,79,"PILGRIM'S PRIDE BROADWAY(IRPS)","2016-03-10 08:00:00","2016-03-10 08:00:00",38714
1372731,79,"PILGRIM'S PRIDE BROADWAY(IRPS)","2016-03-07 07:42:00","2016-03-07 07:42:00",38890
1372735,79,"PILGRIM'S PRIDE BROADWAY(IRPS)","2016-03-05 11:00:00","2016-03-05 11:00:00",38846
1372741,79,"PILGRIM'S PRIDE BROADWAY(IRPS)","2016-03-09 08:00:00","2016-03-09 08:00:00",38802
1372755,79,"PILGRIM'S PRIDE BROADWAY(IRPS)","2016-03-04 15:58:00","2016-03-04 00:00:00",38802
1372760,79,"PILGRIM'S PRIDE BROADWAY(IRPS)","2016-03-22 07:20:00","2016-03-22 07:22:00",38758
1372761,79,"PILGRIM'S PRIDE BROADWAY(IRPS)","2016-03-03 08:00:00","2016-03-03 08:00:00",38890
1372765,79,"PILGRIM'S PRIDE BROADWAY(IRPS)","2016-03-02 08:00:00","2016-03-02 08:00:00",38802
1372770,79,"PILGRIM'S PRIDE BROADWAY(IRPS)","2016-03-03 11:00:00","2016-03-03 11:00:00",38890
1372775,79,"PILGRIM'S PRIDE BROADWAY(IRPS)","2016-03-04 13:00:00","2016-03-04 13:00:00",38449
1372778,79,"PILGRIM'S PRIDE BROADWAY(IRPS)","2016-03-09 08:00:00","2016-03-09 08:00:00",38802
1372782,79,"PILGRIM'S PRIDE BROADWAY(IRPS)","2016-03-15 07:16:00","2016-03-15 07:17:00",38802
1372789,79,"PILGRIM'S PRIDE BROADWAY(IRPS)","2016-03-14 09:00:00","2016-03-14 09:00:00",38890
1372796,79,"PILGRIM'S PRIDE BROADWAY(IRPS)","2016-03-10 08:00:00","2016-03-10 08:00:00",38890
1372800,79,"PILGRIM'S PRIDE BROADWAY(IRPS)","2016-03-05 11:00:00","2016-03-05 11:00:00",38670
1372805,79,"PILGRIM'S PRIDE BROADWAY(IRPS)","2016-03-08 08:00:00","2016-03-08 08:00:00",38890
1372808,79,"PILGRIM'S PRIDE BROADWAY(IRPS)","2016-03-15 21:35:00","2016-03-15 00:00:00",38802
1372815,79,"PILGRIM'S PRIDE BROADWAY(IRPS)","2016-03-14 08:00:00","2016-03-14 08:00:00",38802
1372820,79,"PILGRIM'S PRIDE BROADWAY(IRPS)","2016-03-15 10:36:00","2016-03-15 10:35:00",38890
1372822,79,"PILGRIM'S PRIDE BROADWAY(IRPS)","2016-03-04 12:00:00","2016-03-04 12:00:00",38802
1372826,79,"PILGRIM'S PRIDE BROADWAY(IRPS)","2016-03-02 15:02:00","2016-03-02 00:00:00",38802
1372834,79,"PILGRIM'S PRIDE BROADWAY(IRPS)","2016-03-05 08:00:00","2016-03-05 08:00:00",38846
1372836,79,"PILGRIM'S PRIDE BROADWAY(IRPS)","2016-03-25 08:00:00","2016-03-25 08:00:00",38714
1372839,79,"PILGRIM'S PRIDE BROADWAY(IRPS)","2016-03-05 08:00:00","2016-03-05 08:00:00",38758
1372845,79,"PILGRIM'S PRIDE BROADWAY(IRPS)","2016-03-16 07:00:00","2016-03-16 07:00:00",38890
1372847,79,"PILGRIM'S PRIDE BROADWAY(IRPS)","2016-03-15 13:08:00","2016-03-15 00:00:00",38846
1372849,79,"PILGRIM'S PRIDE BROADWAY(IRPS)","2016-03-09 08:00:00","2016-03-09 08:00:00",38802
1372855,79,"PILGRIM'S PRIDE BROADWAY(IRPS)","2016-03-05 08:00:00","2016-03-05 08:00:00",38692
1372861,79,"PILGRIM'S PRIDE BROADWAY(IRPS)","2016-03-24 20:21:00","2016-03-24 00:00:00",38890
1372862,79,"PILGRIM'S PRIDE BROADWAY(IRPS)","2016-03-10 08:00:00","2016-03-10 08:00:00",38802
1372867,79,"PILGRIM'S PRIDE BROADWAY(IRPS)","2016-03-07 07:22:00","2016-03-07 07:22:00",38802
1372871,79,"PILGRIM'S PRIDE BROADWAY(IRPS)","2016-03-07 07:28:00","2016-03-07 07:29:00",38802
1372874,79,"PILGRIM'S PRIDE BROADWAY(IRPS)","2016-03-07 07:04:00","2016-03-07 07:05:00",38890
1372880,79,"PILGRIM'S PRIDE BROADWAY(IRPS)","2016-03-12 11:00:00","2016-03-12 11:00:00",38758
1372882,79,"PILGRIM'S PRIDE BROADWAY(IRPS)","2016-03-16 11:00:00","2016-03-16 11:00:00",38560
1372887,79,"PILGRIM'S PRIDE BROADWAY(IRPS)","2016-03-08 11:00:00","2016-03-08 11:00:00",38714
1372895,79,"PILGRIM'S PRIDE BROADWAY(IRPS)","2016-03-15 07:33:00","2016-03-15 07:35:00",38890
1372900,79,"PILGRIM'S PRIDE BROADWAY(IRPS)","2016-03-15 12:33:00","2016-03-15 00:00:00",38802
1372906,79,"PILGRIM'S PRIDE BROADWAY(IRPS)","2016-03-14 08:00:00","2016-03-14 08:00:00",38890
1372911,79,"PILGRIM'S PRIDE BROADWAY(IRPS)","2016-03-29 14:30:00","2016-03-29 14:32:00",38802
1372918,79,"PILGRIM'S PRIDE BROADWAY(IRPS)","2016-03-30 08:00:00","2016-03-30 08:00:00",38890
1372921,79,"PILGRIM'S PRIDE BROADWAY(IRPS)","2016-03-10 19:39:00","2016-03-10 00:00:00",35200
1372925,79,"PILGRIM'S PRIDE BROADWAY(IRPS)","2016-03-22 07:24:00","2016-03-22 07:26:00",38802
1372933,79,"PILGRIM'S PRIDE BROADWAY(IRPS)","2016-03-29 07:43:00","2016-03-29 07:42:00",38714
1372939,79,"PILGRIM'S PRIDE BROADWAY(IRPS)","2016-03-24 13:00:00","2016-03-24 13:00:00",38890
1372945,79,"PILGRIM'S PRIDE BROADWAY(IRPS)","2016-03-17 08:00:00","2016-03-17 08:00:00",38802
1372948,79,"PILGRIM'S PRIDE BROADWAY(IRPS)","2016-03-29 07:24:00","2016-03-29 07:26:00",38945
1372949,79,"PILGRIM'S PRIDE BROADWAY(IRPS)","2016-03-17 11:00:00","2016-03-17 11:00:00",38868
1372953,79,"PILGRIM'S PRIDE BROADWAY(IRPS)","2016-03-29 07:47:00","2016-03-29 07:46:00",38890
1372957,79,"PILGRIM'S PRIDE BROADWAY(IRPS)","2016-03-21 08:00:00","2016-03-21 08:00:00",38890
1372961,79,"PILGRIM'S PRIDE BROADWAY(IRPS)","2016-03-26 07:47:00","2016-03-26 00:00:00",38361
1372964,79,"PILGRIM'S PRIDE BROADWAY(IRPS)","2016-03-30 10:00:00","2016-03-30 10:00:00",38846
1372968,79,"PILGRIM'S PRIDE BROADWAY(IRPS)","2016-03-22 17:36:00","2016-03-22 00:00:00",38846
1372976,79,"PILGRIM'S PRIDE BROADWAY(IRPS)","2016-03-22 22:51:00","2016-03-22 00:00:00",38934
1372979,79,"PILGRIM'S PRIDE BROADWAY(IRPS)","2016-03-24 13:00:00","2016-03-24 13:00:00",38802
1372993,79,"PILGRIM'S PRIDE BROADWAY(IRPS)","2016-03-30 08:00:00","2016-03-30 08:00:00",38714
1373005,79,"PILGRIM'S PRIDE BROADWAY(IRPS)","2016-03-29 13:32:00","2016-03-29 13:31:00",38846
1373071,79,"LA TIENDA","2016-03-15 13:05:00","2016-03-15 13:07:00",2720
