time,temp
9/1/15 0:00,67.87
9/1/15 1:00,67.69
9/1/15 2:00,67.25
9/1/15 3:00,66.7
9/1/15 4:00,65.85
9/1/15 5:00,68.43
9/1/15 6:00,72.99
9/1/15 7:00,78.83
9/1/15 8:00,82.54
9/1/15 9:00,84.58
9/1/15 10:00,86.82
9/1/15 11:00,87.63
9/1/15 12:00,88.59
9/1/15 13:00,88.19
9/1/15 14:00,88.19
9/1/15 15:00,86.53
9/1/15 16:00,82.42
9/1/15 17:00,76.06
9/1/15 18:00,74.37
9/1/15 19:00,72.86
9/1/15 20:00,71.72
9/1/15 21:00,70.11
9/1/15 22:00,70.11
9/1/15 23:00,70.06
9/2/15 0:00,70.08
9/2/15 1:00,68.79
9/2/15 2:00,68.57
9/2/15 3:00,67.71
9/2/15 4:00,67.8
9/2/15 5:00,71.73
9/2/15 6:00,77.5
9/2/15 7:00,82.02
9/2/15 8:00,85.88
9/2/15 9:00,88.73
9/2/15 10:00,89.78
9/2/15 11:00,90.62
9/2/15 12:00,90.05
9/2/15 13:00,89.24
9/2/15 14:00,88.91
9/2/15 15:00,85.48
9/2/15 16:00,82.31
9/2/15 17:00,79.53
9/2/15 18:00,75.15
9/2/15 19:00,72.51
9/2/15 20:00,70.83
9/2/15 21:00,69.66
9/2/15 22:00,68.12
9/2/15 23:00,67.25
9/3/15 0:00,66.71
9/3/15 1:00,66.19
9/3/15 2:00,65.56
9/3/15 3:00,65.32
9/3/15 4:00,64.47
9/3/15 5:00,68.2
9/3/15 6:00,73.42
9/3/15 7:00,78.12
9/3/15 8:00,81.49
9/3/15 9:00,83.56
9/3/15 10:00,84.72
9/3/15 11:00,86.34
9/3/15 12:00,87.61
9/3/15 13:00,87.1
9/3/15 14:00,85.38
9/3/15 15:00,83.39
9/3/15 16:00,80.16
9/3/15 17:00,76.7
9/3/15 18:00,73.72
9/3/15 19:00,73.08
9/3/15 20:00,71.72
9/3/15 21:00,70.35
9/3/15 22:00,70.11
9/3/15 23:00,68.98
9/4/15 0:00,68.44
9/4/15 1:00,68.25
9/4/15 2:00,67.71
9/4/15 3:00,67.91
9/4/15 4:00,67.17
9/4/15 5:00,71.58
9/4/15 6:00,76.48
9/4/15 7:00,81.44
9/4/15 8:00,84.48
9/4/15 9:00,85.99
9/4/15 10:00,88.88
9/4/15 11:00,85.26
9/4/15 12:00,78.24
9/4/15 13:00,77.37
9/4/15 14:00,78.78
9/4/15 15:00,77.39
9/4/15 16:00,75.34
9/4/15 17:00,73.58
9/4/15 18:00,71.76
9/4/15 19:00,70.93
9/4/15 20:00,70.34
9/4/15 21:00,70.08
9/4/15 22:00,69.12
9/4/15 23:00,69.02
9/5/15 0:00,68.17
9/5/15 1:00,67.36
9/5/15 2:00,67.05
9/5/15 3:00,68.34
9/5/15 4:00,68.83
9/5/15 5:00,70.24
9/5/15 6:00,70.95
9/5/15 7:00,72.73
9/5/15 8:00,76.18
9/5/15 9:00,77.53
9/5/15 10:00,78.97
9/5/15 11:00,79.92
9/5/15 12:00,76.9
9/5/15 13:00,80.12
9/5/15 14:00,77.89
9/5/15 15:00,78.08
9/5/15 16:00,76.03
9/5/15 17:00,73.3
9/5/15 18:00,71.58
9/5/15 19:00,70.86
9/5/15 20:00,69.3
9/5/15 21:00,67.78
9/5/15 22:00,66.73
9/5/15 23:00,66.02
9/6/15 0:00,65.59
9/6/15 1:00,64.97
9/6/15 2:00,65.26
9/6/15 3:00,64.48
9/6/15 4:00,64.14
9/6/15 5:00,65.43
9/6/15 6:00,68.7
9/6/15 7:00,72.49
9/6/15 8:00,74.53
9/6/15 9:00,76.52
9/6/15 10:00,77.12
9/6/15 11:00,78.85
9/6/15 12:00,79.63
9/6/15 13:00,79.78
9/6/15 14:00,79.33
9/6/15 15:00,78.71
9/6/15 16:00,76.01
9/6/15 17:00,73.72
9/6/15 18:00,72.34
9/6/15 19:00,71.75
9/6/15 20:00,71.2
9/6/15 21:00,71.26
9/6/15 22:00,70.48
9/6/15 23:00,70.93
9/7/15 0:00,70.83
9/7/15 1:00,70.93
9/7/15 2:00,70.93
9/7/15 3:00,70.83
9/7/15 4:00,70.53
9/7/15 5:00,71.1
9/7/15 6:00,72.9
9/7/15 7:00,75.41
9/7/15 8:00,77.46
9/7/15 9:00,80.03
9/7/15 10:00,81.91
9/7/15 11:00,83.07
9/7/15 12:00,83.32
9/7/15 13:00,83.43
9/7/15 14:00,83.7
9/7/15 15:00,81.99
9/7/15 16:00,78.09
9/7/15 17:00,75.86
9/7/15 18:00,74.23
9/7/15 19:00,73.48
9/7/15 20:00,71.47
9/7/15 21:00,70.01
9/7/15 22:00,69.91
9/7/15 23:00,69.62
9/8/15 0:00,69.67
9/8/15 1:00,68.49
9/8/15 2:00,68.98
9/8/15 3:00,68.34
9/8/15 4:00,68.52
9/8/15 5:00,70.08
9/8/15 6:00,72.01
9/8/15 7:00,74.88
9/8/15 8:00,77.2
9/8/15 9:00,81.74
9/8/15 10:00,82.65
9/8/15 11:00,85.49
9/8/15 12:00,84.63
9/8/15 13:00,85.42
9/8/15 14:00,85.22
9/8/15 15:00,84.49
9/8/15 16:00,80.98
9/8/15 17:00,76.76
9/8/15 18:00,75.84
9/8/15 19:00,74.47
9/8/15 20:00,73.52
9/8/15 21:00,73.09
9/8/15 22:00,71.82
9/8/15 23:00,71.51
9/9/15 0:00,71.41
9/9/15 1:00,71.31
9/9/15 2:00,70.68
9/9/15 3:00,69.73
9/9/15 4:00,69.74
9/9/15 5:00,72.64
9/9/15 6:00,77.87
9/9/15 7:00,80.91
9/9/15 8:00,83.35
9/9/15 9:00,86.15
9/9/15 10:00,85.99
9/9/15 11:00,87.51
9/9/15 12:00,87.29
9/9/15 13:00,86.6
9/9/15 14:00,87.66
9/9/15 15:00,86.21
9/9/15 16:00,82.68
9/9/15 17:00,79.51
9/9/15 18:00,77.72
9/9/15 19:00,74.61
9/9/15 20:00,73.29
9/9/15 21:00,71.97
9/9/15 22:00,71.97
9/9/15 23:00,72.39
9/10/15 0:00,72.93
9/10/15 1:00,73.05
9/10/15 2:00,72.73
9/10/15 3:00,72.83
9/10/15 4:00,72.83
9/10/15 5:00,73.58
9/10/15 6:00,74.46
9/10/15 7:00,75.83
9/10/15 8:00,78.75
9/10/15 9:00,81.64
9/10/15 10:00,83.71
9/10/15 11:00,85.35
9/10/15 12:00,86.24
9/10/15 13:00,85.66
9/10/15 14:00,80.26
9/10/15 15:00,74.64
9/10/15 16:00,72.76
9/10/15 17:00,71.75
9/10/15 18:00,72.66
9/10/15 19:00,72.57
9/10/15 20:00,71.62
9/10/15 21:00,70.83
9/10/15 22:00,70.83
9/10/15 23:00,70.98
9/11/15 0:00,70.11
9/11/15 1:00,69.81
9/11/15 2:00,69.49
9/11/15 3:00,69.62
9/11/15 4:00,69.64
9/11/15 5:00,70.44
9/11/15 6:00,71.14
9/11/15 7:00,73.58
9/11/15 8:00,74.77
9/11/15 9:00,77.19
9/11/15 10:00,78.13
9/11/15 11:00,79.21
9/11/15 12:00,81.66
9/11/15 13:00,80.26
9/11/15 14:00,81.1
9/11/15 15:00,80.55
9/11/15 16:00,76.76
9/11/15 17:00,74.78
9/11/15 18:00,72.63
9/11/15 19:00,72.53
9/11/15 20:00,72.34
9/11/15 21:00,71.16
9/11/15 22:00,69.81
9/11/15 23:00,69.67
9/12/15 0:00,69.96
9/12/15 1:00,70.05
9/12/15 2:00,69.42
9/12/15 3:00,69.33
9/12/15 4:00,68.93
9/12/15 5:00,70.2
9/12/15 6:00,72.25
9/12/15 7:00,73.4
9/12/15 8:00,74.47
9/12/15 9:00,75.68
9/12/15 10:00,76.28
9/12/15 11:00,75.39
9/12/15 12:00,76.86
9/12/15 13:00,74.2
9/12/15 14:00,71.56
9/12/15 15:00,70.29
9/12/15 16:00,68.85
9/12/15 17:00,67.88
9/12/15 18:00,66.61
9/12/15 19:00,66.61
9/12/15 20:00,65.75
9/12/15 21:00,66.39
9/12/15 22:00,64.97
9/12/15 23:00,64.14
9/13/15 0:00,63.44
9/13/15 1:00,62.26
9/13/15 2:00,60.88
9/13/15 3:00,59.93
9/13/15 4:00,58.9
9/13/15 5:00,59.95
9/13/15 6:00,62.14
9/13/15 7:00,64
9/13/15 8:00,66.7
9/13/15 9:00,69
9/13/15 10:00,71.08
9/13/15 11:00,71.36
9/13/15 12:00,73.51
9/13/15 13:00,73.3
9/13/15 14:00,70.86
9/13/15 15:00,69.91
9/13/15 16:00,66.33
9/13/15 17:00,62.73
9/13/15 18:00,60.91
9/13/15 19:00,59.35
9/13/15 20:00,57.5
9/13/15 21:00,56.86
9/13/15 22:00,54.07
9/13/15 23:00,53.62
9/14/15 0:00,51.93
9/14/15 1:00,50.34
9/14/15 2:00,50.17
9/14/15 3:00,50.24
9/14/15 4:00,50.85
9/14/15 5:00,55.18
9/14/15 6:00,60.97
9/14/15 7:00,63.7
9/14/15 8:00,67.88
9/14/15 9:00,69.7
9/14/15 10:00,71.05
9/14/15 11:00,73.12
9/14/15 12:00,74.47
9/14/15 13:00,74.95
9/14/15 14:00,74.66
9/14/15 15:00,73.1
9/14/15 16:00,66.31
9/14/15 17:00,61.67
9/14/15 18:00,58.89
9/14/15 19:00,56.47
9/14/15 20:00,54.89
9/14/15 21:00,53.18
9/14/15 22:00,51.81
9/14/15 23:00,51.08
9/15/15 0:00,51.62
9/15/15 1:00,50.2
9/15/15 2:00,50.01
9/15/15 3:00,50.31
9/15/15 4:00,49.32
9/15/15 5:00,55.73
9/15/15 6:00,64.03
9/15/15 7:00,69.72
9/15/15 8:00,73.63
9/15/15 9:00,77
9/15/15 10:00,77.73
9/15/15 11:00,79
9/15/15 12:00,79.83
9/15/15 13:00,79.83
9/15/15 14:00,79.1
9/15/15 15:00,76.76
9/15/15 16:00,70
9/15/15 17:00,64.89
9/15/15 18:00,61.55
9/15/15 19:00,59.21
9/15/15 20:00,58.21
9/15/15 21:00,56
9/15/15 22:00,56.01
9/15/15 23:00,54.41
9/16/15 0:00,54.89
9/16/15 1:00,53.62
9/16/15 2:00,52.59
9/16/15 3:00,51.61
9/16/15 4:00,51.51
9/16/15 5:00,56.54
9/16/15 6:00,65.4
9/16/15 7:00,71.02
9/16/15 8:00,73.83
9/16/15 9:00,75.58
9/16/15 10:00,77.43
9/16/15 11:00,77.53
9/16/15 12:00,78.9
9/16/15 13:00,78.26
9/16/15 14:00,78.18
9/16/15 15:00,73.75
9/16/15 16:00,68.63
9/16/15 17:00,65.43
9/16/15 18:00,63.79
9/16/15 19:00,63.16
9/16/15 20:00,62.87
9/16/15 21:00,61.2
9/16/15 22:00,60.33
9/16/15 23:00,60.23
9/17/15 0:00,59.59
9/17/15 1:00,58.66
9/17/15 2:00,58.22
9/17/15 3:00,57.49
9/17/15 4:00,57.32
9/17/15 5:00,59.5
9/17/15 6:00,66.22
9/17/15 7:00,72.26
9/17/15 8:00,75.48
9/17/15 9:00,77.29
9/17/15 10:00,78.26
9/17/15 11:00,78.93
9/17/15 12:00,79.99
9/17/15 13:00,80.89
9/17/15 14:00,80.03
9/17/15 15:00,78.39
9/17/15 16:00,72.14
9/17/15 17:00,67.04
9/17/15 18:00,64.97
9/17/15 19:00,64.2
9/17/15 20:00,62.82
9/17/15 21:00,63.08
9/17/15 22:00,59.24
9/17/15 23:00,58.32
9/18/15 0:00,58.67
9/18/15 1:00,57.2
9/18/15 2:00,55.9
9/18/15 3:00,54.85
9/18/15 4:00,55.22
9/18/15 5:00,59.76
9/18/15 6:00,67.07
9/18/15 7:00,71.47
9/18/15 8:00,75.44
9/18/15 9:00,78
9/18/15 10:00,79.73
9/18/15 11:00,80.65
9/18/15 12:00,81.65
9/18/15 13:00,82.29
9/18/15 14:00,82.1
9/18/15 15:00,79.73
9/18/15 16:00,72.09
9/18/15 17:00,66.64
9/18/15 18:00,64.98
9/18/15 19:00,64.25
9/18/15 20:00,63.57
9/18/15 21:00,62.4
9/18/15 22:00,61.35
9/18/15 23:00,62.47
9/19/15 0:00,61.75
9/19/15 1:00,61.11
9/19/15 2:00,61.75
9/19/15 3:00,61.74
9/19/15 4:00,61.89
9/19/15 5:00,63.63
9/19/15 6:00,66.51
9/19/15 7:00,70.3
9/19/15 8:00,75.43
9/19/15 9:00,79.39
9/19/15 10:00,80.65
9/19/15 11:00,83
9/19/15 12:00,83.97
9/19/15 13:00,85.39
9/19/15 14:00,83.93
9/19/15 15:00,82.83
9/19/15 16:00,74.36
9/19/15 17:00,70.01
9/19/15 18:00,68.21
9/19/15 19:00,66.06
9/19/15 20:00,65.55
9/19/15 21:00,64.18
9/19/15 22:00,63.99
9/19/15 23:00,63.55
9/20/15 0:00,62.08
9/20/15 1:00,61.39
9/20/15 2:00,61.79
9/20/15 3:00,60.96
9/20/15 4:00,59.86
9/20/15 5:00,64.29
9/20/15 6:00,69.11
9/20/15 7:00,72.23
9/20/15 8:00,75.38
9/20/15 9:00,77.97
9/20/15 10:00,79.7
9/20/15 11:00,80.84
9/20/15 12:00,80.61
9/20/15 13:00,81.34
9/20/15 14:00,80.46
9/20/15 15:00,77.03
9/20/15 16:00,75.06
9/20/15 17:00,71.85
9/20/15 18:00,71.26
9/20/15 19:00,68.81
9/20/15 20:00,67.54
9/20/15 21:00,66.99
9/20/15 22:00,66.03
9/20/15 23:00,65.24
9/21/15 0:00,65.25
9/21/15 1:00,65.15
9/21/15 2:00,65.05
9/21/15 3:00,64.97
9/21/15 4:00,65.2
9/21/15 5:00,65.75
9/21/15 6:00,67.25
9/21/15 7:00,69.56
9/21/15 8:00,70.62
9/21/15 9:00,70.73
9/21/15 10:00,72.78
9/21/15 11:00,72.79
9/21/15 12:00,71.12
9/21/15 13:00,68.27
9/21/15 14:00,67.32
9/21/15 15:00,65.31
9/21/15 16:00,64.41
9/21/15 17:00,63.34
9/21/15 18:00,64.46
9/21/15 19:00,63.83
9/21/15 20:00,63.38
9/21/15 21:00,64.14
9/21/15 22:00,64.32
9/21/15 23:00,64.22
9/22/15 0:00,64.17
9/22/15 1:00,63.83
9/22/15 2:00,63.85
9/22/15 3:00,63.75
9/22/15 4:00,63.63
9/22/15 5:00,64.05
9/22/15 6:00,64.24
9/22/15 7:00,65.02
9/22/15 8:00,66.42
9/22/15 9:00,69.44
9/22/15 10:00,73.24
9/22/15 11:00,74.66
9/22/15 12:00,75.19
9/22/15 13:00,75.19
9/22/15 14:00,73.61
9/22/15 15:00,71.95
9/22/15 16:00,70.42
9/22/15 17:00,69.27
9/22/15 18:00,68.73
9/22/15 19:00,67.9
9/22/15 20:00,67.36
9/22/15 21:00,66.63
9/22/15 22:00,66.63
9/22/15 23:00,66.08
9/23/15 0:00,65.66
9/23/15 1:00,65.51
9/23/15 2:00,64.78
9/23/15 3:00,64.24
9/23/15 4:00,63.63
9/23/15 5:00,64.02
9/23/15 6:00,66.94
9/23/15 7:00,68.07
9/23/15 8:00,69.1
9/23/15 9:00,70.38
9/23/15 10:00,72.37
9/23/15 11:00,74.02
9/23/15 12:00,73.1
9/23/15 13:00,73.29
9/23/15 14:00,72.2
9/23/15 15:00,70.63
9/23/15 16:00,68.63
9/23/15 17:00,66.63
9/23/15 18:00,65.39
9/23/15 19:00,64.34
9/23/15 20:00,63.59
9/23/15 21:00,62.44
9/23/15 22:00,60.75
9/23/15 23:00,60.44
9/24/15 0:00,59.36
9/24/15 1:00,58.96
9/24/15 2:00,58.41
9/24/15 3:00,57.68
9/24/15 4:00,58.44
9/24/15 5:00,59.07
9/24/15 6:00,62.75
9/24/15 7:00,65.34
9/24/15 8:00,69.31
9/24/15 9:00,72.35
9/24/15 10:00,73.47
9/24/15 11:00,74.57
9/24/15 12:00,74.89
9/24/15 13:00,74.83
9/24/15 14:00,73.64
9/24/15 15:00,73.1
9/24/15 16:00,71.18
9/24/15 17:00,69.9
9/24/15 18:00,68.16
9/24/15 19:00,67.21
9/24/15 20:00,66.45
9/24/15 21:00,65.1
9/24/15 22:00,65.1
9/24/15 23:00,63.64
9/25/15 0:00,63.74
9/25/15 1:00,63.53
9/25/15 2:00,63.34
9/25/15 3:00,63.53
9/25/15 4:00,63.56
9/25/15 5:00,63.75
9/25/15 6:00,64.05
9/25/15 7:00,64.78
9/25/15 8:00,65.02
9/25/15 9:00,66.24
9/25/15 10:00,66.97
9/25/15 11:00,67.36
9/25/15 12:00,66.42
9/25/15 13:00,66.39
9/25/15 14:00,65.85
9/25/15 15:00,66.59
9/25/15 16:00,66.48
9/25/15 17:00,65.9
9/25/15 18:00,65.03
9/25/15 19:00,64.68
9/25/15 20:00,64.68
9/25/15 21:00,64.78
9/25/15 22:00,64.78
9/25/15 23:00,64.05
9/26/15 0:00,64.05
9/26/15 1:00,64.05
9/26/15 2:00,63.39
9/26/15 3:00,62.9
9/26/15 4:00,63.34
9/26/15 5:00,63.29
9/26/15 6:00,63.19
9/26/15 7:00,63.83
9/26/15 8:00,64.14
9/26/15 9:00,64.68
9/26/15 10:00,65.71
9/26/15 11:00,66.68
9/26/15 12:00,66.69
9/26/15 13:00,65.27
9/26/15 14:00,64.83
9/26/15 15:00,64.14
9/26/15 16:00,63.85
9/26/15 17:00,64.49
9/26/15 18:00,64.59
9/26/15 19:00,64.59
9/26/15 20:00,64.14
9/26/15 21:00,64.05
9/26/15 22:00,63.75
9/26/15 23:00,63.54
9/27/15 0:00,62.8
9/27/15 1:00,62.9
9/27/15 2:00,63.44
9/27/15 3:00,63.34
9/27/15 4:00,62.8
9/27/15 5:00,63.54
9/27/15 6:00,63.75
9/27/15 7:00,65.26
9/27/15 8:00,66.65
9/27/15 9:00,68.34
9/27/15 10:00,68.98
9/27/15 11:00,70.25
9/27/15 12:00,70.83
9/27/15 13:00,72.75
9/27/15 14:00,71.91
9/27/15 15:00,71.39
9/27/15 16:00,70.32
9/27/15 17:00,70.63
9/27/15 18:00,71.07
9/27/15 19:00,70.29
9/27/15 20:00,70.29
9/27/15 21:00,70.2
9/27/15 22:00,69.9
9/27/15 23:00,69.26
9/28/15 0:00,69.26
9/28/15 1:00,69.15
9/28/15 2:00,69.26
9/28/15 3:00,69.8
9/28/15 4:00,69.26
9/28/15 5:00,69.36
9/28/15 6:00,70.95
9/28/15 7:00,72.56
9/28/15 8:00,73.69
9/28/15 9:00,75.24
9/28/15 10:00,78.34
9/28/15 11:00,79.05
9/28/15 12:00,74.68
9/28/15 13:00,72.82
9/28/15 14:00,73.2
9/28/15 15:00,72.56
9/28/15 16:00,72.34
9/28/15 17:00,72.93
9/28/15 18:00,72.83
9/28/15 19:00,72.73
9/28/15 20:00,72.83
9/28/15 21:00,72.73
9/28/15 22:00,72.83
9/28/15 23:00,72.83
9/29/15 0:00,72.83
9/29/15 1:00,72.73
9/29/15 2:00,73.54
9/29/15 3:00,73.54
9/29/15 4:00,73
9/29/15 5:00,73.54
9/29/15 6:00,73.58
9/29/15 7:00,74.31
9/29/15 8:00,75.24
9/29/15 9:00,76.64
9/29/15 10:00,79.09
9/29/15 11:00,77.37
9/29/15 12:00,77.81
9/29/15 13:00,78.66
9/29/15 14:00,78.46
9/29/15 15:00,75.92
9/29/15 16:00,74.46
9/29/15 17:00,73.97
9/29/15 18:00,74.32
9/29/15 19:00,73.93
9/29/15 20:00,74.13
9/29/15 21:00,74.23
9/29/15 22:00,73.2
9/29/15 23:00,73.2
9/30/15 0:00,73.38
9/30/15 1:00,73.5
9/30/15 2:00,73.49
9/30/15 3:00,73.28
9/30/15 4:00,72.34
9/30/15 5:00,72.95
9/30/15 6:00,74.13
9/30/15 7:00,75.34
9/30/15 8:00,76.54
9/30/15 9:00,79.22
9/30/15 10:00,80
9/30/15 11:00,82.17
9/30/15 12:00,81.93
9/30/15 13:00,81.68
9/30/15 14:00,80.47
9/30/15 15:00,77.99
9/30/15 16:00,74.49
9/30/15 17:00,73.42
9/30/15 18:00,70.8
9/30/15 19:00,68.92
9/30/15 20:00,67.3
9/30/15 21:00,66.27
9/30/15 22:00,65.37
9/30/15 23:00,64.59
10/1/15 0:00,63.93
10/1/15 1:00,63.73
10/1/15 2:00,62.9
10/1/15 3:00,62.26
10/1/15 4:00,61.63
10/1/15 5:00,60.44
10/1/15 6:00,59.66
10/1/15 7:00,60.53
10/1/15 8:00,59.9
10/1/15 9:00,60.44
10/1/15 10:00,60.53
10/1/15 11:00,60.27
10/1/15 12:00,60.34
10/1/15 13:00,59.51
10/1/15 14:00,58.44
10/1/15 15:00,58.05
10/1/15 16:00,57.32
10/1/15 17:00,56.98
10/1/15 18:00,56.9
10/1/15 19:00,55.88
10/1/15 20:00,55.78
10/1/15 21:00,55.78
10/1/15 22:00,55.78
10/1/15 23:00,55.78
10/2/15 0:00,55.78
10/2/15 1:00,55.78
10/2/15 2:00,55.78
10/2/15 3:00,55.68
10/2/15 4:00,55.78
10/2/15 5:00,55.78
10/2/15 6:00,56.66
10/2/15 7:00,56.9
10/2/15 8:00,56.98
10/2/15 9:00,56.36
10/2/15 10:00,56.12
10/2/15 11:00,55.34
10/2/15 12:00,55.14
10/2/15 13:00,54.85
10/2/15 14:00,54.66
10/2/15 15:00,54.12
10/2/15 16:00,52.86
10/2/15 17:00,52.86
10/2/15 18:00,52.86
10/2/15 19:00,52.86
10/2/15 20:00,52.96
10/2/15 21:00,53
10/2/15 22:00,53
10/2/15 23:00,51.15
10/3/15 0:00,50.96
10/3/15 1:00,50.86
10/3/15 2:00,50.53
10/3/15 3:00,50.88
10/3/15 4:00,51.51
10/3/15 5:00,52.05
10/3/15 6:00,52.68
10/3/15 7:00,53.53
10/3/15 8:00,54.56
10/3/15 9:00,56.44
10/3/15 10:00,57.76
10/3/15 11:00,59.35
10/3/15 12:00,59.73
10/3/15 13:00,59.81
10/3/15 14:00,60.35
10/3/15 15:00,60.66
10/3/15 16:00,60.51
10/3/15 17:00,61.14
10/3/15 18:00,62.22
10/3/15 19:00,63
10/3/15 20:00,63.97
10/3/15 21:00,64.42
10/3/15 22:00,63.88
10/3/15 23:00,62.15
10/4/15 0:00,61.42
10/4/15 1:00,60.9
10/4/15 2:00,60.27
10/4/15 3:00,59.97
10/4/15 4:00,60.05
10/4/15 5:00,60.05
10/4/15 6:00,60.05
10/4/15 7:00,60.29
10/4/15 8:00,61.32
10/4/15 9:00,63.41
10/4/15 10:00,64.29
10/4/15 11:00,64.34
10/4/15 12:00,63.9
10/4/15 13:00,63.2
10/4/15 14:00,62.26
10/4/15 15:00,61.42
10/4/15 16:00,60.59
10/4/15 17:00,59.97
10/4/15 18:00,58.15
10/4/15 19:00,57.97
10/4/15 20:00,56.85
10/4/15 21:00,55.88
10/4/15 22:00,55.24
10/4/15 23:00,55.15
10/5/15 0:00,54.2
10/5/15 1:00,54.1
10/5/15 2:00,54.02
10/5/15 3:00,53.9
10/5/15 4:00,54.44
10/5/15 5:00,54.63
10/5/15 6:00,54.75
10/5/15 7:00,55.59
10/5/15 8:00,55.78
10/5/15 9:00,55.97
10/5/15 10:00,56.98
10/5/15 11:00,57.53
10/5/15 12:00,57.71
10/5/15 13:00,58.76
10/5/15 14:00,60.15
10/5/15 15:00,60.39
10/5/15 16:00,59.1
10/5/15 17:00,57.76
10/5/15 18:00,57.61
10/5/15 19:00,56.29
10/5/15 20:00,55.66
10/5/15 21:00,55.24
10/5/15 22:00,53.46
10/5/15 23:00,52.19
10/6/15 0:00,51.44
10/6/15 1:00,50.71
10/6/15 2:00,50.32
10/6/15 3:00,49.98
10/6/15 4:00,49.04
10/6/15 5:00,50.79
10/6/15 6:00,55.21
10/6/15 7:00,60.05
10/6/15 8:00,62.78
10/6/15 9:00,64.76
10/6/15 10:00,66.61
10/6/15 11:00,68.83
10/6/15 12:00,69.44
10/6/15 13:00,70.29
10/6/15 14:00,69.57
10/6/15 15:00,65.51
10/6/15 16:00,59.01
10/6/15 17:00,57.06
10/6/15 18:00,55.38
10/6/15 19:00,54.79
10/6/15 20:00,54.25
10/6/15 21:00,53.95
10/6/15 22:00,53.71
10/6/15 23:00,53.57
10/7/15 0:00,52.54
10/7/15 1:00,52.68
10/7/15 2:00,51.81
10/7/15 3:00,50.76
10/7/15 4:00,50.47
10/7/15 5:00,52.66
10/7/15 6:00,58.86
10/7/15 7:00,65.47
10/7/15 8:00,70.82
10/7/15 9:00,73.56
10/7/15 10:00,75.39
10/7/15 11:00,77.7
10/7/15 12:00,77.81
10/7/15 13:00,77.92
10/7/15 14:00,77
10/7/15 15:00,72.42
10/7/15 16:00,66.94
10/7/15 17:00,63.94
10/7/15 18:00,62.61
10/7/15 19:00,61.31
10/7/15 20:00,58.9
10/7/15 21:00,59.45
10/7/15 22:00,57.93
10/7/15 23:00,57.69
10/8/15 0:00,56.45
10/8/15 1:00,56.84
10/8/15 2:00,57.2
10/8/15 3:00,58.96
10/8/15 4:00,56.5
10/8/15 5:00,60.11
10/8/15 6:00,66.05
10/8/15 7:00,71.57
10/8/15 8:00,74.22
10/8/15 9:00,75.53
10/8/15 10:00,77.44
10/8/15 11:00,78.9
10/8/15 12:00,79.23
10/8/15 13:00,77.35
10/8/15 14:00,75.71
10/8/15 15:00,75.29
10/8/15 16:00,69.06
10/8/15 17:00,66.62
10/8/15 18:00,64.82
10/8/15 19:00,63.89
10/8/15 20:00,63.02
10/8/15 21:00,62.3
10/8/15 22:00,61.94
10/8/15 23:00,61.29
10/9/15 0:00,60.35
10/9/15 1:00,60.47
10/9/15 2:00,59.78
10/9/15 3:00,59.05
10/9/15 4:00,59.29
10/9/15 5:00,61.58
10/9/15 6:00,66.66
10/9/15 7:00,71.68
10/9/15 8:00,74.44
10/9/15 9:00,76.93
10/9/15 10:00,78.62
10/9/15 11:00,79.64
10/9/15 12:00,79.74
10/9/15 13:00,79.74
10/9/15 14:00,78.54
10/9/15 15:00,75.71
10/9/15 16:00,71.07
10/9/15 17:00,68.15
10/9/15 18:00,68.14
10/9/15 19:00,66.98
10/9/15 20:00,67.7
10/9/15 21:00,66.27
10/9/15 22:00,65.45
10/9/15 23:00,64.66
10/10/15 0:00,63.84
10/10/15 1:00,63.84
10/10/15 2:00,63.44
10/10/15 3:00,63.54
10/10/15 4:00,62.9
10/10/15 5:00,62.36
10/10/15 6:00,61.81
10/10/15 7:00,62.44
10/10/15 8:00,62.9
10/10/15 9:00,62.8
10/10/15 10:00,61.98
10/10/15 11:00,60.91
10/10/15 12:00,59.83
10/10/15 13:00,58.9
10/10/15 14:00,57.54
10/10/15 15:00,57.15
10/10/15 16:00,56.22
10/10/15 17:00,55.59
10/10/15 18:00,55.59
10/10/15 19:00,55.59
10/10/15 20:00,54.96
10/10/15 21:00,54.93
10/10/15 22:00,53.98
10/10/15 23:00,53.36
10/11/15 0:00,53.36
10/11/15 1:00,52.48
10/11/15 2:00,52.48
10/11/15 3:00,51.54
10/11/15 4:00,50.32
10/11/15 5:00,51.33
10/11/15 6:00,55.36
10/11/15 7:00,58.8
10/11/15 8:00,61.82
10/11/15 9:00,64.02
10/11/15 10:00,65.43
10/11/15 11:00,68.19
10/11/15 12:00,69.26
10/11/15 13:00,69.36
10/11/15 14:00,68.58
10/11/15 15:00,65.87
10/11/15 16:00,59.57
10/11/15 17:00,56.64
10/11/15 18:00,55.62
10/11/15 19:00,53.95
10/11/15 20:00,53.42
10/11/15 21:00,52.39
10/11/15 22:00,51.66
10/11/15 23:00,50.63
10/12/15 0:00,49.9
10/12/15 1:00,49.25
10/12/15 2:00,48.58
10/12/15 3:00,48.49
10/12/15 4:00,48.71
10/12/15 5:00,51.48
10/12/15 6:00,59.07
10/12/15 7:00,65.07
10/12/15 8:00,69.44
10/12/15 9:00,71.21
10/12/15 10:00,72.83
10/12/15 11:00,74.54
10/12/15 12:00,74.57
10/12/15 13:00,75.2
10/12/15 14:00,74.25
10/12/15 15:00,70.87
10/12/15 16:00,65.87
10/12/15 17:00,64.6
10/12/15 18:00,61.65
10/12/15 19:00,60.67
10/12/15 20:00,60.49
10/12/15 21:00,60.57
10/12/15 22:00,59.93
10/12/15 23:00,59.29
10/13/15 0:00,58.66
10/13/15 1:00,59.19
10/13/15 2:00,59.59
10/13/15 3:00,59.2
10/13/15 4:00,59.83
10/13/15 5:00,60.07
10/13/15 6:00,61.73
10/13/15 7:00,64.48
10/13/15 8:00,65.58
10/13/15 9:00,68.04
10/13/15 10:00,71.56
10/13/15 11:00,74.41
10/13/15 12:00,76.44
10/13/15 13:00,75.81
10/13/15 14:00,75.42
10/13/15 15:00,71.72
10/13/15 16:00,66.67
10/13/15 17:00,63.9
10/13/15 18:00,63.12
10/13/15 19:00,62.24
10/13/15 20:00,59.78
10/13/15 21:00,58.22
10/13/15 22:00,57.68
10/13/15 23:00,56.1
10/14/15 0:00,54.69
10/14/15 1:00,55.99
10/14/15 2:00,54.93
10/14/15 3:00,54.41
10/14/15 4:00,52.81
10/14/15 5:00,54.21
10/14/15 6:00,60.58
10/14/15 7:00,64.12
10/14/15 8:00,66.63
10/14/15 9:00,68.08
10/14/15 10:00,70.93
10/14/15 11:00,71.9
10/14/15 12:00,72.39
10/14/15 13:00,73.03
10/14/15 14:00,72.21
10/14/15 15:00,67.46
10/14/15 16:00,60.24
10/14/15 17:00,57.06
10/14/15 18:00,56
10/14/15 19:00,57.87
10/14/15 20:00,54.78
10/14/15 21:00,53.9
10/14/15 22:00,50.42
10/14/15 23:00,49.51
10/15/15 0:00,47.39
10/15/15 1:00,47.2
10/15/15 2:00,46.21
10/15/15 3:00,45.72
10/15/15 4:00,46.04
10/15/15 5:00,47.88
10/15/15 6:00,56.38
10/15/15 7:00,60.63
10/15/15 8:00,64
10/15/15 9:00,65.2
10/15/15 10:00,66.86
10/15/15 11:00,67.98
10/15/15 12:00,69.36
10/15/15 13:00,69.12
10/15/15 14:00,68.4
10/15/15 15:00,63.17
10/15/15 16:00,56.19
10/15/15 17:00,53.69
10/15/15 18:00,52.79
10/15/15 19:00,50.64
10/15/15 20:00,50.94
10/15/15 21:00,49.61
10/15/15 22:00,49.05
10/15/15 23:00,51.03
10/16/15 0:00,49.69
10/16/15 1:00,51.26
10/16/15 2:00,51.22
10/16/15 3:00,49.49
10/16/15 4:00,48.02
10/16/15 5:00,52.02
10/16/15 6:00,56.13
10/16/15 7:00,57.85
10/16/15 8:00,58.99
10/16/15 9:00,61.04
10/16/15 10:00,60.47
10/16/15 11:00,59.19
10/16/15 12:00,59.02
10/16/15 13:00,61.56
10/16/15 14:00,62.85
10/16/15 15:00,59.49
10/16/15 16:00,53.13
10/16/15 17:00,50.93
10/16/15 18:00,49.57
10/16/15 19:00,49.69
10/16/15 20:00,50.19
10/16/15 21:00,49
10/16/15 22:00,46.79
10/16/15 23:00,44.69
10/17/15 0:00,42.17
10/17/15 1:00,39.91
10/17/15 2:00,38.68
10/17/15 3:00,38.58
10/17/15 4:00,37.71
10/17/15 5:00,39.47
10/17/15 6:00,49.65
10/17/15 7:00,56.82
10/17/15 8:00,60.15
10/17/15 9:00,62.07
10/17/15 10:00,62.54
10/17/15 11:00,63.12
10/17/15 12:00,63.42
10/17/15 13:00,63.3
10/17/15 14:00,61.4
10/17/15 15:00,57.28
10/17/15 16:00,52.82
10/17/15 17:00,50.35
10/17/15 18:00,48.13
10/17/15 19:00,47.09
10/17/15 20:00,46.03
10/17/15 21:00,43.56
10/17/15 22:00,40.62
10/17/15 23:00,36.45
10/18/15 0:00,35.82
10/18/15 1:00,33.91
10/18/15 2:00,32
10/18/15 3:00,31.9
10/18/15 4:00,32.44
10/18/15 5:00,35.97
10/18/15 6:00,42.18
10/18/15 7:00,46.36
10/18/15 8:00,49.48
10/18/15 9:00,51.15
10/18/15 10:00,52.83
10/18/15 11:00,53.98
10/18/15 12:00,55.02
10/18/15 13:00,55.12
10/18/15 14:00,54.93
10/18/15 15:00,50.78
10/18/15 16:00,43.18
10/18/15 17:00,39.44
10/18/15 18:00,37.28
10/18/15 19:00,37.38
10/18/15 20:00,37.21
10/18/15 21:00,35.56
10/18/15 22:00,34.78
10/18/15 23:00,33.77
10/19/15 0:00,32.64
10/19/15 1:00,31.67
10/19/15 2:00,30.63
10/19/15 3:00,31.08
10/19/15 4:00,30.89
10/19/15 5:00,32.76
10/19/15 6:00,41.16
10/19/15 7:00,46
10/19/15 8:00,48.94
10/19/15 9:00,51.24
10/19/15 10:00,53.9
10/19/15 11:00,55.29
10/19/15 12:00,56.56
10/19/15 13:00,56.54
10/19/15 14:00,56.42
10/19/15 15:00,52.36
10/19/15 16:00,45.16
10/19/15 17:00,42.72
10/19/15 18:00,40.72
10/19/15 19:00,38.43
10/19/15 20:00,38.47
10/19/15 21:00,37.27
10/19/15 22:00,36
10/19/15 23:00,37.23
10/20/15 0:00,36.25
10/20/15 1:00,35.85
10/20/15 2:00,35.28
10/20/15 3:00,34.01
10/20/15 4:00,34.11
10/20/15 5:00,35.91
10/20/15 6:00,45.18
10/20/15 7:00,53.06
10/20/15 8:00,57.93
10/20/15 9:00,62.17
10/20/15 10:00,64.61
10/20/15 11:00,66.83
10/20/15 12:00,67.86
10/20/15 13:00,68.64
10/20/15 14:00,66.91
10/20/15 15:00,61.83
10/20/15 16:00,54.55
10/20/15 17:00,50.67
10/20/15 18:00,48.65
10/20/15 19:00,47.63
10/20/15 20:00,46.36
10/20/15 21:00,43.16
10/20/15 22:00,42.3
10/20/15 23:00,39.59
10/21/15 0:00,41.01
10/21/15 1:00,38.44
10/21/15 2:00,37.47
10/21/15 3:00,37.37
10/21/15 4:00,35.98
10/21/15 5:00,38.41
10/21/15 6:00,48.06
10/21/15 7:00,57.16
10/21/15 8:00,64.61
10/21/15 9:00,68
10/21/15 10:00,70.64
10/21/15 11:00,72.1
10/21/15 12:00,72.89
10/21/15 13:00,72.84
10/21/15 14:00,71.46
10/21/15 15:00,64.49
10/21/15 16:00,57.21
10/21/15 17:00,53.4
10/21/15 18:00,50.21
10/21/15 19:00,47.6
10/21/15 20:00,46.57
10/21/15 21:00,47.5
10/21/15 22:00,43.93
10/21/15 23:00,45.16
10/22/15 0:00,42.57
10/22/15 1:00,42.38
10/22/15 2:00,41.59
10/22/15 3:00,42.18
10/22/15 4:00,40.96
10/22/15 5:00,43.02
10/22/15 6:00,53.58
10/22/15 7:00,61.93
10/22/15 8:00,68.83
10/22/15 9:00,72.54
10/22/15 10:00,75.01
10/22/15 11:00,76.37
10/22/15 12:00,77.1
10/22/15 13:00,77.1
10/22/15 14:00,75.52
10/22/15 15:00,68.73
10/22/15 16:00,62.51
10/22/15 17:00,60.2
10/22/15 18:00,58.98
10/22/15 19:00,55.63
10/22/15 20:00,53.98
10/22/15 21:00,52.31
10/22/15 22:00,51.9
10/22/15 23:00,52.22
10/23/15 0:00,51.06
10/23/15 1:00,49.8
10/23/15 2:00,49.75
10/23/15 3:00,49.02
10/23/15 4:00,51.22
10/23/15 5:00,53.47
10/23/15 6:00,60
10/23/15 7:00,65.38
10/23/15 8:00,69.63
10/23/15 9:00,72.49
10/23/15 10:00,73.71
10/23/15 11:00,75.32
10/23/15 12:00,76.26
10/23/15 13:00,76.27
10/23/15 14:00,74.27
10/23/15 15:00,70.77
10/23/15 16:00,63.16
10/23/15 17:00,63.13
10/23/15 18:00,60.62
10/23/15 19:00,60.07
10/23/15 20:00,60.22
10/23/15 21:00,57.81
10/23/15 22:00,55.74
10/23/15 23:00,54.34
10/24/15 0:00,53.44
10/24/15 1:00,52.71
10/24/15 2:00,52.29
10/24/15 3:00,51.07
10/24/15 4:00,50.83
10/24/15 5:00,51.68
10/24/15 6:00,54.92
10/24/15 7:00,57.94
10/24/15 8:00,60.44
10/24/15 9:00,62.54
10/24/15 10:00,64.32
10/24/15 11:00,66.48
10/24/15 12:00,67.75
10/24/15 13:00,67.75
10/24/15 14:00,67.03
10/24/15 15:00,63.48
10/24/15 16:00,57.4
10/24/15 17:00,55.76
10/24/15 18:00,53.76
10/24/15 19:00,54.89
10/24/15 20:00,55.33
10/24/15 21:00,56.67
10/24/15 22:00,56.67
10/24/15 23:00,56
10/25/15 0:00,55.81
10/25/15 1:00,55.72
10/25/15 2:00,55.82
10/25/15 3:00,54.84
10/25/15 4:00,54.93
10/25/15 5:00,55.74
10/25/15 6:00,57.82
10/25/15 7:00,60.75
10/25/15 8:00,64.65
10/25/15 9:00,67.81
10/25/15 10:00,71.51
10/25/15 11:00,72.88
10/25/15 12:00,73.52
10/25/15 13:00,73.37
10/25/15 14:00,72.39
10/25/15 15:00,68.71
10/25/15 16:00,66.05
10/25/15 17:00,64.43
10/25/15 18:00,63.86
10/25/15 19:00,61.95
10/25/15 20:00,60.88
10/25/15 21:00,60.73
10/25/15 22:00,60.09
10/25/15 23:00,58.73
10/26/15 0:00,56.73
10/26/15 1:00,56.05
10/26/15 2:00,54.58
10/26/15 3:00,53.54
10/26/15 4:00,52.58
10/26/15 5:00,51.98
10/26/15 6:00,51.98
10/26/15 7:00,52.71
10/26/15 8:00,55.18
10/26/15 9:00,54.44
10/26/15 10:00,54.83
10/26/15 11:00,55.37
10/26/15 12:00,55.2
10/26/15 13:00,55.14
10/26/15 14:00,54.93
10/26/15 15:00,53.81
10/26/15 16:00,52.83
10/26/15 17:00,51.9
10/26/15 18:00,51.71
10/26/15 19:00,51.71
10/26/15 20:00,51.37
10/26/15 21:00,49.98
10/26/15 22:00,49.98
10/26/15 23:00,49.8
10/27/15 0:00,50.34
10/27/15 1:00,48.53
10/27/15 2:00,48.53
10/27/15 3:00,47.98
10/27/15 4:00,47.98
10/27/15 5:00,48.22
10/27/15 6:00,49.05
10/27/15 7:00,50.08
10/27/15 8:00,51.36
10/27/15 9:00,52.14
10/27/15 10:00,52.86
10/27/15 11:00,52.86
10/27/15 12:00,53.71
10/27/15 13:00,54.02
10/27/15 14:00,54.75
10/27/15 15:00,55.07
10/27/15 16:00,56.12
10/27/15 17:00,56.98
10/27/15 18:00,57.71
10/27/15 19:00,58.59
10/27/15 20:00,59.97
10/27/15 21:00,60.36
10/27/15 22:00,60.98
10/27/15 23:00,61.29
10/28/15 0:00,61.48
10/28/15 1:00,62.02
10/28/15 2:00,62.1
10/28/15 3:00,62.75
10/28/15 4:00,63.73
10/28/15 5:00,64.02
10/28/15 6:00,64.2
10/28/15 7:00,65.41
10/28/15 8:00,67.36
10/28/15 9:00,68.32
10/28/15 10:00,69.61
10/28/15 11:00,69.17
10/28/15 12:00,69.9
10/28/15 13:00,69.75
10/28/15 14:00,70.39
10/28/15 15:00,69.36
10/28/15 16:00,69.02
10/28/15 17:00,68.93
10/28/15 18:00,68.94
10/28/15 19:00,68.74
10/28/15 20:00,68.44
10/28/15 21:00,67.37
10/28/15 22:00,66.44
10/28/15 23:00,65.91
10/29/15 0:00,65.13
10/29/15 1:00,64.68
10/29/15 2:00,64.68
10/29/15 3:00,64.2
10/29/15 4:00,62
10/29/15 5:00,61.14
10/29/15 6:00,64.39
10/29/15 7:00,67.42
10/29/15 8:00,70.14
10/29/15 9:00,72.15
10/29/15 10:00,72.37
10/29/15 11:00,72.61
10/29/15 12:00,71.25
10/29/15 13:00,69.81
10/29/15 14:00,68.35
10/29/15 15:00,66.21
10/29/15 16:00,65.05
10/29/15 17:00,61.69
10/29/15 18:00,59.93
10/29/15 19:00,57.97
10/29/15 20:00,57.34
10/29/15 21:00,55.75
10/29/15 22:00,53.99
10/29/15 23:00,53.47
10/30/15 0:00,52.81
10/30/15 1:00,52.39
10/30/15 2:00,49.64
10/30/15 3:00,49.17
10/30/15 4:00,49.17
10/30/15 5:00,49.23
10/30/15 6:00,53.06
10/30/15 7:00,56.73
10/30/15 8:00,60.49
10/30/15 9:00,61.86
10/30/15 10:00,63.56
10/30/15 11:00,63.85
10/30/15 12:00,63.85
10/30/15 13:00,63.22
10/30/15 14:00,61.98
10/30/15 15:00,57.78
10/30/15 16:00,51.48
10/30/15 17:00,47.52
10/30/15 18:00,46.5
10/30/15 19:00,45.15
10/30/15 20:00,43.79
10/30/15 21:00,42.3
10/30/15 22:00,42.96
10/30/15 23:00,42.69
10/31/15 0:00,40.68
10/31/15 1:00,40.34
10/31/15 2:00,39.78
10/31/15 3:00,39.07
10/31/15 4:00,37.48
10/31/15 5:00,38.89
10/31/15 6:00,45.56
10/31/15 7:00,50.7
10/31/15 8:00,55.17
10/31/15 9:00,57.34
10/31/15 10:00,58.59
10/31/15 11:00,60.81
10/31/15 12:00,60.9
10/31/15 13:00,61.24
10/31/15 14:00,60.82
10/31/15 15:00,58.46
10/31/15 16:00,54.89
10/31/15 17:00,52.59
10/31/15 18:00,53.91
10/31/15 19:00,54.45
10/31/15 20:00,54.54
10/31/15 21:00,54.94
10/31/15 22:00,54.6
10/31/15 23:00,55.27
11/1/15 0:00,55.27
11/1/15 1:00,54.93
11/1/15 1:00,54.6
11/1/15 2:00,54.83
11/1/15 3:00,54.6
11/1/15 4:00,54.83
11/1/15 5:00,55.02
11/1/15 6:00,55.8
11/1/15 7:00,57.29
11/1/15 8:00,59.5
11/1/15 9:00,60.78
11/1/15 10:00,61.54
11/1/15 11:00,61.29
11/1/15 12:00,61.29
11/1/15 13:00,61.29
11/1/15 14:00,61.2
11/1/15 15:00,61.2
11/1/15 16:00,61.2
11/1/15 17:00,61.2
11/1/15 18:00,60.8
11/1/15 19:00,60.81
11/1/15 20:00,60.27
11/1/15 21:00,60.71
11/1/15 22:00,60.71
11/1/15 23:00,60.27
11/2/15 0:00,60.27
11/2/15 1:00,60.9
11/2/15 2:00,60.9
11/2/15 3:00,60.9
11/2/15 4:00,60.9
11/2/15 5:00,61.29
11/2/15 6:00,61.37
11/2/15 7:00,61.48
11/2/15 8:00,61.8
11/2/15 9:00,62.44
11/2/15 10:00,62.44
11/2/15 11:00,61.46
11/2/15 12:00,59.58
11/2/15 13:00,59.19
11/2/15 14:00,58.24
11/2/15 15:00,57.42
11/2/15 16:00,57.17
11/2/15 17:00,57.17
11/2/15 18:00,57.32
11/2/15 19:00,57.76
11/2/15 20:00,57.42
11/2/15 21:00,57.42
11/2/15 22:00,57.26
11/2/15 23:00,57.17
11/3/15 0:00,57.32
11/3/15 1:00,57.32
11/3/15 2:00,57.32
11/3/15 3:00,57.32
11/3/15 4:00,57.27
11/3/15 5:00,57.19
11/3/15 6:00,58.8
11/3/15 7:00,60.36
11/3/15 8:00,62.91
11/3/15 9:00,64.54
11/3/15 10:00,66.62
11/3/15 11:00,67.55
11/3/15 12:00,65.93
11/3/15 13:00,65.09
11/3/15 14:00,63.32
11/3/15 15:00,61.83
11/3/15 16:00,60.88
11/3/15 17:00,59.83
11/3/15 18:00,59.46
11/3/15 19:00,58.44
11/3/15 20:00,57.86
11/3/15 21:00,58.15
11/3/15 22:00,57.46
11/3/15 23:00,58.02
11/4/15 0:00,58.32
11/4/15 1:00,57.32
11/4/15 2:00,57.08
11/4/15 3:00,57.05
11/4/15 4:00,56.66
11/4/15 5:00,58
11/4/15 6:00,61.24
11/4/15 7:00,64.61
11/4/15 8:00,65.78
11/4/15 9:00,67.23
11/4/15 10:00,68.57
11/4/15 11:00,67.93
11/4/15 12:00,67.52
11/4/15 13:00,66.19
11/4/15 14:00,64.63
11/4/15 15:00,64
11/4/15 16:00,63.85
11/4/15 17:00,63.1
11/4/15 18:00,62.91
11/4/15 19:00,62.52
11/4/15 20:00,62.07
11/4/15 21:00,62.07
11/4/15 22:00,62.07
11/4/15 23:00,62.07
11/5/15 0:00,62.07
11/5/15 1:00,61.76
11/5/15 2:00,61.76
11/5/15 3:00,61.53
11/5/15 4:00,61.76
11/5/15 5:00,62.07
11/5/15 6:00,62.88
11/5/15 7:00,64.48
11/5/15 8:00,65.58
11/5/15 9:00,66.07
11/5/15 10:00,68.5
11/5/15 11:00,71.66
11/5/15 12:00,73.12
11/5/15 13:00,72.4
11/5/15 14:00,68.69
11/5/15 15:00,66.42
11/5/15 16:00,64.84
11/5/15 17:00,63.9
11/5/15 18:00,63.49
11/5/15 19:00,63.39
11/5/15 20:00,63.73
11/5/15 21:00,63.73
11/5/15 22:00,63.83
11/5/15 23:00,63.73
11/6/15 0:00,64.02
11/6/15 1:00,64.14
11/6/15 2:00,64.29
11/6/15 3:00,64.83
11/6/15 4:00,64.92
11/6/15 5:00,66.05
11/6/15 6:00,67.65
11/6/15 7:00,69.21
11/6/15 8:00,70.29
11/6/15 9:00,72.39
11/6/15 10:00,73.45
11/6/15 11:00,73.22
11/6/15 12:00,72.49
11/6/15 13:00,71.78
11/6/15 14:00,70.06
11/6/15 15:00,69.61
11/6/15 16:00,69.61
11/6/15 17:00,69.37
11/6/15 18:00,69.61
11/6/15 19:00,69.61
11/6/15 20:00,67.9
11/6/15 21:00,67.56
11/6/15 22:00,67.24
11/6/15 23:00,68.19
11/7/15 0:00,68.19
11/7/15 1:00,68.19
11/7/15 2:00,68.1
11/7/15 3:00,67.86
11/7/15 4:00,67.95
11/7/15 5:00,69.07
11/7/15 6:00,69.07
11/7/15 7:00,68.92
11/7/15 8:00,69.2
11/7/15 9:00,69.32
11/7/15 10:00,69.85
11/7/15 11:00,69.95
11/7/15 12:00,69.86
11/7/15 13:00,68.93
11/7/15 14:00,64.76
11/7/15 15:00,62.83
11/7/15 16:00,60.59
11/7/15 17:00,59.63
11/7/15 18:00,58.88
11/7/15 19:00,57.97
11/7/15 20:00,57.86
11/7/15 21:00,56.12
11/7/15 22:00,55.12
11/7/15 23:00,55.02
11/8/15 0:00,54.29
11/8/15 1:00,53.26
11/8/15 2:00,51.54
11/8/15 3:00,50.81
11/8/15 4:00,50.08
11/8/15 5:00,50.41
11/8/15 6:00,51.34
11/8/15 7:00,51.68
11/8/15 8:00,52.53
11/8/15 9:00,53.24
11/8/15 10:00,53.76
11/8/15 11:00,54.2
11/8/15 12:00,53.17
11/8/15 13:00,52.29
11/8/15 14:00,50.63
11/8/15 15:00,49.56
11/8/15 16:00,48.93
11/8/15 17:00,47.98
11/8/15 18:00,47.98
11/8/15 19:00,48.07
11/8/15 20:00,48.17
11/8/15 21:00,48.41
11/8/15 22:00,48.53
11/8/15 23:00,48.61
11/9/15 0:00,46.78
11/9/15 1:00,46.59
11/9/15 2:00,45.2
11/9/15 3:00,45.39
11/9/15 4:00,45.39
11/9/15 5:00,46.14
11/9/15 6:00,47.02
11/9/15 7:00,47.75
11/9/15 8:00,48.07
11/9/15 9:00,49.05
11/9/15 10:00,49.25
11/9/15 11:00,49.39
11/9/15 12:00,50.08
11/9/15 13:00,50.93
11/9/15 14:00,51.26
11/9/15 15:00,51.41
11/9/15 16:00,51.6
11/9/15 17:00,51.71
11/9/15 18:00,52.15
11/9/15 19:00,52.22
11/9/15 20:00,52.86
11/9/15 21:00,53.15
11/9/15 22:00,53.15
11/9/15 23:00,53.42
11/10/15 0:00,54.05
11/10/15 1:00,54.15
11/10/15 2:00,54.15
11/10/15 3:00,54.15
11/10/15 4:00,54.25
11/10/15 5:00,54.46
11/10/15 6:00,54.1
11/10/15 7:00,54.83
11/10/15 8:00,55.89
11/10/15 9:00,57.77
11/10/15 10:00,58.87
11/10/15 11:00,62.13
11/10/15 12:00,64.75
11/10/15 13:00,65.39
11/10/15 14:00,61.14
11/10/15 15:00,58.9
11/10/15 16:00,58.67
11/10/15 17:00,56.99
11/10/15 18:00,55.13
11/10/15 19:00,53.23
11/10/15 20:00,52.04
11/10/15 21:00,51.6
11/10/15 22:00,50.07
11/10/15 23:00,50.63
11/11/15 0:00,48.85
11/11/15 1:00,48.48
11/11/15 2:00,48.04
11/11/15 3:00,46.26
11/11/15 4:00,46.6
11/11/15 5:00,51.05
11/11/15 6:00,54.94
11/11/15 7:00,57.27
11/11/15 8:00,60
11/11/15 9:00,62.7
11/11/15 10:00,64.46
11/11/15 11:00,65.47
11/11/15 12:00,65.56
11/11/15 13:00,64.55
11/11/15 14:00,58.38
11/11/15 15:00,54.36
11/11/15 16:00,50.99
11/11/15 17:00,50.26
11/11/15 18:00,49.25
11/11/15 19:00,48.53
11/11/15 20:00,46.71
11/11/15 21:00,45.89
11/11/15 22:00,45.35
11/11/15 23:00,44.22
11/12/15 0:00,44.47
11/12/15 1:00,44.56
11/12/15 2:00,44.32
11/12/15 3:00,45.37
11/12/15 4:00,45.98
11/12/15 5:00,51.75
11/12/15 6:00,56.94
11/12/15 7:00,63.97
11/12/15 8:00,68.37
11/12/15 9:00,71.78
11/12/15 10:00,72.75
11/12/15 11:00,74.17
11/12/15 12:00,73.59
11/12/15 13:00,72.57
11/12/15 14:00,68.98
11/12/15 15:00,67.44
11/12/15 16:00,64.73
11/12/15 17:00,63.73
11/12/15 18:00,62.8
11/12/15 19:00,62.34
11/12/15 20:00,60.4
11/12/15 21:00,59.07
11/12/15 22:00,55.46
11/12/15 23:00,53.59
11/13/15 0:00,54.18
11/13/15 1:00,52.71
11/13/15 2:00,50.87
11/13/15 3:00,49.97
11/13/15 4:00,49.58
11/13/15 5:00,51.33
11/13/15 6:00,55.66
11/13/15 7:00,57.85
11/13/15 8:00,59.83
11/13/15 9:00,61.73
11/13/15 10:00,62.71
11/13/15 11:00,62.93
11/13/15 12:00,62.71
11/13/15 13:00,61.21
11/13/15 14:00,56.64
11/13/15 15:00,52.47
11/13/15 16:00,49.72
11/13/15 17:00,50.34
11/13/15 18:00,49.56
11/13/15 19:00,48.88
11/13/15 20:00,46.81
11/13/15 21:00,44.16
11/13/15 22:00,44.07
11/13/15 23:00,42.99
11/14/15 0:00,40.97
11/14/15 1:00,41.16
11/14/15 2:00,41.11
11/14/15 3:00,38.67
11/14/15 4:00,37.36
11/14/15 5:00,43.41
11/14/15 6:00,47.68
11/14/15 7:00,50.82
11/14/15 8:00,52.73
11/14/15 9:00,54.73
11/14/15 10:00,55.22
11/14/15 11:00,56.75
11/14/15 12:00,57.15
11/14/15 13:00,56.12
11/14/15 14:00,52.12
11/14/15 15:00,45.38
11/14/15 16:00,42.79
11/14/15 17:00,42.95
11/14/15 18:00,40.63
11/14/15 19:00,38.35
11/14/15 20:00,35.9
11/14/15 21:00,40.21
11/14/15 22:00,40.76
11/14/15 23:00,39.41
11/15/15 0:00,34.78
11/15/15 1:00,34.05
11/15/15 2:00,33.32
11/15/15 3:00,32.87
11/15/15 4:00,32.55
11/15/15 5:00,39.25
11/15/15 6:00,46.93
11/15/15 7:00,51.82
11/15/15 8:00,55
11/15/15 9:00,58.7
11/15/15 10:00,61.09
11/15/15 11:00,61.83
11/15/15 12:00,61.3
11/15/15 13:00,58.18
11/15/15 14:00,50.99
11/15/15 15:00,48.06
11/15/15 16:00,45.66
11/15/15 17:00,43.81
11/15/15 18:00,44.97
11/15/15 19:00,40.17
11/15/15 20:00,40.56
11/15/15 21:00,39.25
11/15/15 22:00,39.01
11/15/15 23:00,37.3
11/16/15 0:00,35.18
11/16/15 1:00,35.18
11/16/15 2:00,34.54
11/16/15 3:00,33.22
11/16/15 4:00,32.52
11/16/15 5:00,37.55
11/16/15 6:00,47.96
11/16/15 7:00,54.6
11/16/15 8:00,59.43
11/16/15 9:00,60.91
11/16/15 10:00,63.35
11/16/15 11:00,62.13
11/16/15 12:00,62.64
11/16/15 13:00,57.67
11/16/15 14:00,53.74
11/16/15 15:00,48.32
11/16/15 16:00,45.05
11/16/15 17:00,41.14
11/16/15 18:00,40.96
11/16/15 19:00,41.43
11/16/15 20:00,40.2
11/16/15 21:00,40.86
11/16/15 22:00,38.71
11/16/15 23:00,42.23
11/17/15 0:00,42.22
11/17/15 1:00,44.03
11/17/15 2:00,44.67
11/17/15 3:00,43.59
11/17/15 4:00,42.54
11/17/15 5:00,46.62
11/17/15 6:00,52.28
11/17/15 7:00,59.3
11/17/15 8:00,62.73
11/17/15 9:00,63.66
11/17/15 10:00,63.86
11/17/15 11:00,64.74
11/17/15 12:00,63.96
11/17/15 13:00,62.01
11/17/15 14:00,59.25
11/17/15 15:00,57.04
11/17/15 16:00,56.65
11/17/15 17:00,55.59
11/17/15 18:00,54.92
11/17/15 19:00,56.66
11/17/15 20:00,56.57
11/17/15 21:00,55.69
11/17/15 22:00,54.96
11/17/15 23:00,54.66
11/18/15 0:00,54.2
11/18/15 1:00,52.66
11/18/15 2:00,52.14
11/18/15 3:00,52.14
11/18/15 4:00,52.92
11/18/15 5:00,54.27
11/18/15 6:00,56.12
11/18/15 7:00,62.15
11/18/15 8:00,66.53
11/18/15 9:00,68.37
11/18/15 10:00,69.75
11/18/15 11:00,70.58
11/18/15 12:00,69.59
11/18/15 13:00,68.15
11/18/15 14:00,64.85
11/18/15 15:00,64.36
11/18/15 16:00,64.02
11/18/15 17:00,64.02
11/18/15 18:00,63.48
11/18/15 19:00,63.24
11/18/15 20:00,63.22
11/18/15 21:00,62.78
11/18/15 22:00,63.32
11/18/15 23:00,62.78
11/19/15 0:00,63.24
11/19/15 1:00,64.02
11/19/15 2:00,63.85
11/19/15 3:00,63.83
11/19/15 4:00,64.14
11/19/15 5:00,64.34
11/19/15 6:00,65.29
11/19/15 7:00,66.95
11/19/15 8:00,67.59
11/19/15 9:00,67.98
11/19/15 10:00,68.48
11/19/15 11:00,69.12
11/19/15 12:00,69.44
11/19/15 13:00,69.27
11/19/15 14:00,67.27
11/19/15 15:00,65.81
11/19/15 16:00,64.61
11/19/15 17:00,62.3
11/19/15 18:00,61.69
11/19/15 19:00,60.12
11/19/15 20:00,58.64
11/19/15 21:00,57.32
11/19/15 22:00,56.77
11/19/15 23:00,55.05
11/20/15 0:00,54
11/20/15 1:00,51.74
11/20/15 2:00,50.86
11/20/15 3:00,49.81
11/20/15 4:00,48.93
11/20/15 5:00,50.53
11/20/15 6:00,53.06
11/20/15 7:00,55.19
11/20/15 8:00,56.83
11/20/15 9:00,57.85
11/20/15 10:00,58.59
11/20/15 11:00,58.51
11/20/15 12:00,57.97
11/20/15 13:00,56.69
11/20/15 14:00,50.77
11/20/15 15:00,48.21
11/20/15 16:00,43.25
11/20/15 17:00,41.69
11/20/15 18:00,40.76
11/20/15 19:00,39.84
11/20/15 20:00,37.64
11/20/15 21:00,36.96
11/20/15 22:00,36.54
11/20/15 23:00,34.73
11/21/15 0:00,33.9
11/21/15 1:00,33.98
11/21/15 2:00,33.81
11/21/15 3:00,33.08
11/21/15 4:00,31.81
11/21/15 5:00,36.17
11/21/15 6:00,44
11/21/15 7:00,48.9
11/21/15 8:00,52.73
11/21/15 9:00,54.53
11/21/15 10:00,56.32
11/21/15 11:00,56.47
11/21/15 12:00,57.54
11/21/15 13:00,55.89
11/21/15 14:00,50.9
11/21/15 15:00,46.12
11/21/15 16:00,45.49
11/21/15 17:00,48.38
11/21/15 18:00,47.76
11/21/15 19:00,48.21
11/21/15 20:00,49.47
11/21/15 21:00,49.18
11/21/15 22:00,49.66
11/21/15 23:00,50.1
11/22/15 0:00,49.17
11/22/15 1:00,47.2
11/22/15 2:00,46.07
11/22/15 3:00,47.29
11/22/15 4:00,46.95
11/22/15 5:00,47
11/22/15 6:00,46.78
11/22/15 7:00,46.12
11/22/15 8:00,46.46
11/22/15 9:00,46.65
11/22/15 10:00,47.2
11/22/15 11:00,47.56
11/22/15 12:00,47.85
11/22/15 13:00,47.66
11/22/15 14:00,44.52
11/22/15 15:00,40.88
11/22/15 16:00,39.95
11/22/15 17:00,38.78
11/22/15 18:00,38
11/22/15 19:00,37.03
11/22/15 20:00,35.03
11/22/15 21:00,34.54
11/22/15 22:00,32.84
11/22/15 23:00,31.67
11/23/15 0:00,31.1
11/23/15 1:00,30.98
11/23/15 2:00,30.82
11/23/15 3:00,29.73
11/23/15 4:00,28.9
11/23/15 5:00,31.63
11/23/15 6:00,36.73
11/23/15 7:00,38.83
11/23/15 8:00,40.9
11/23/15 9:00,41.93
11/23/15 10:00,43.92
11/23/15 11:00,44.26
11/23/15 12:00,44.66
11/23/15 13:00,43.39
11/23/15 14:00,38.25
11/23/15 15:00,34.76
11/23/15 16:00,31.23
11/23/15 17:00,31.18
11/23/15 18:00,31.09
11/23/15 19:00,29.33
11/23/15 20:00,29.62
11/23/15 21:00,30.45
11/23/15 22:00,29.81
11/23/15 23:00,30
11/24/15 0:00,30.74
11/24/15 1:00,30.72
11/24/15 2:00,30.52
11/24/15 3:00,30.44
11/24/15 4:00,29.63
11/24/15 5:00,34.96
11/24/15 6:00,42.71
11/24/15 7:00,48.07
11/24/15 8:00,50.82
11/24/15 9:00,54
11/24/15 10:00,55.08
11/24/15 11:00,55.72
11/24/15 12:00,54.64
11/24/15 13:00,52.43
11/24/15 14:00,46.14
11/24/15 15:00,42.03
11/24/15 16:00,39.89
11/24/15 17:00,37.04
11/24/15 18:00,37.94
11/24/15 19:00,36.11
11/24/15 20:00,35.38
11/24/15 21:00,34.25
11/24/15 22:00,32.3
11/24/15 23:00,32.64
11/25/15 0:00,31.79
11/25/15 1:00,31.48
11/25/15 2:00,32.47
11/25/15 3:00,30.55
11/25/15 4:00,30.11
11/25/15 5:00,35.61
11/25/15 6:00,45.72
11/25/15 7:00,51.13
11/25/15 8:00,54.34
11/25/15 9:00,55.68
11/25/15 10:00,57.01
11/25/15 11:00,56.57
11/25/15 12:00,56.71
11/25/15 13:00,54.94
11/25/15 14:00,50.44
11/25/15 15:00,45.08
11/25/15 16:00,42.95
11/25/15 17:00,43.29
11/25/15 18:00,42.37
11/25/15 19:00,41.71
11/25/15 20:00,41.22
11/25/15 21:00,37.78
11/25/15 22:00,35.69
11/25/15 23:00,36.37
11/26/15 0:00,37.95
11/26/15 1:00,37.1
11/26/15 2:00,38.72
11/26/15 3:00,40.68
11/26/15 4:00,40.41
11/26/15 5:00,43.36
11/26/15 6:00,47.52
11/26/15 7:00,52.7
11/26/15 8:00,57.69
11/26/15 9:00,60.55
11/26/15 10:00,63.98
11/26/15 11:00,65.36
11/26/15 12:00,65.71
11/26/15 13:00,64.08
11/26/15 14:00,56.96
11/26/15 15:00,54.64
11/26/15 16:00,50.96
11/26/15 17:00,51.04
11/26/15 18:00,49.05
11/26/15 19:00,50.1
11/26/15 20:00,47.31
11/26/15 21:00,44.58
11/26/15 22:00,43.67
11/26/15 23:00,43.9
11/27/15 0:00,42.09
11/27/15 1:00,42.1
11/27/15 2:00,41.62
11/27/15 3:00,40.15
11/27/15 4:00,40.63
11/27/15 5:00,45.08
11/27/15 6:00,51.52
11/27/15 7:00,56.29
11/27/15 8:00,61.2
11/27/15 9:00,64.22
11/27/15 10:00,67.71
11/27/15 11:00,67.17
11/27/15 12:00,65.71
11/27/15 13:00,64.4
11/27/15 14:00,59.71
11/27/15 15:00,55.27
11/27/15 16:00,52.42
11/27/15 17:00,51.51
11/27/15 18:00,49.66
11/27/15 19:00,48.47
11/27/15 20:00,47.67
11/27/15 21:00,45.88
11/27/15 22:00,44.07
11/27/15 23:00,44.2
11/28/15 0:00,45.34
11/28/15 1:00,46.66
11/28/15 2:00,46.13
11/28/15 3:00,44.56
11/28/15 4:00,45.4
11/28/15 5:00,46.9
11/28/15 6:00,53.48
11/28/15 7:00,58.86
11/28/15 8:00,63.44
11/28/15 9:00,68.17
11/28/15 10:00,69.56
11/28/15 11:00,69.71
11/28/15 12:00,67.8
11/28/15 13:00,64.86
11/28/15 14:00,60.76
11/28/15 15:00,58.53
11/28/15 16:00,56.92
11/28/15 17:00,54.41
11/28/15 18:00,53.83
11/28/15 19:00,52.85
11/28/15 20:00,53.11
11/28/15 21:00,52.22
11/28/15 22:00,52.92
11/28/15 23:00,53.46
11/29/15 0:00,53.28
11/29/15 1:00,53.2
11/29/15 2:00,51.72
11/29/15 3:00,51.51
11/29/15 4:00,52.45
11/29/15 5:00,54.78
11/29/15 6:00,59.21
11/29/15 7:00,64.58
11/29/15 8:00,66.92
11/29/15 9:00,67.95
11/29/15 10:00,68.49
11/29/15 11:00,69.41
11/29/15 12:00,68.93
11/29/15 13:00,67.26
11/29/15 14:00,63.6
11/29/15 15:00,63.08
11/29/15 16:00,62.07
11/29/15 17:00,60.47
11/29/15 18:00,58.86
11/29/15 19:00,57.58
11/29/15 20:00,55.65
11/29/15 21:00,54.52
11/29/15 22:00,52.84
11/29/15 23:00,50.84
11/30/15 0:00,49.38
11/30/15 1:00,48.7
11/30/15 2:00,47.73
11/30/15 3:00,46.07
11/30/15 4:00,45.04
11/30/15 5:00,44.1
11/30/15 6:00,43.8
11/30/15 7:00,43.81
11/30/15 8:00,43.48
11/30/15 9:00,43.63
11/30/15 10:00,44.26
11/30/15 11:00,44.26
11/30/15 12:00,44.26
11/30/15 13:00,44.17
11/30/15 14:00,43.95
11/30/15 15:00,43.32
11/30/15 16:00,43.32
11/30/15 17:00,43.08
11/30/15 18:00,42.54
11/30/15 19:00,42.54
11/30/15 20:00,42.15
11/30/15 21:00,42.05
11/30/15 22:00,41.42
11/30/15 23:00,41.32
12/1/15 0:00,41.02
12/1/15 1:00,41.32
12/1/15 2:00,41.22
12/1/15 3:00,41.29
12/1/15 4:00,41.29
12/1/15 5:00,41.92
12/1/15 6:00,43.73
12/1/15 7:00,44.9
12/1/15 8:00,46.47
12/1/15 9:00,47.46
12/1/15 10:00,48.98
12/1/15 11:00,49.81
12/1/15 12:00,49.8
12/1/15 13:00,50
12/1/15 14:00,49.9
12/1/15 15:00,49.81
12/1/15 16:00,49.9
12/1/15 17:00,50.74
12/1/15 18:00,50.83
12/1/15 19:00,50.83
12/1/15 20:00,50.83
12/1/15 21:00,50.83
12/1/15 22:00,50.83
12/1/15 23:00,51.27
12/2/15 0:00,51.9
12/2/15 1:00,51.9
12/2/15 2:00,51.8
12/2/15 3:00,51.9
12/2/15 4:00,52.93
12/2/15 5:00,53.56
12/2/15 6:00,55.02
12/2/15 7:00,56.73
12/2/15 8:00,58.69
12/2/15 9:00,59.41
12/2/15 10:00,60.59
12/2/15 11:00,61.54
12/2/15 12:00,61.53
12/2/15 13:00,61.83
12/2/15 14:00,61.29
12/2/15 15:00,60.8
12/2/15 16:00,60.07
12/2/15 17:00,60.07
12/2/15 18:00,60.07
12/2/15 19:00,59.14
12/2/15 20:00,57.24
12/2/15 21:00,55.24
12/2/15 22:00,53.18
12/2/15 23:00,51.27
12/3/15 0:00,50.14
12/3/15 1:00,48.86
12/3/15 2:00,47.12
12/3/15 3:00,45.13
12/3/15 4:00,43.24
12/3/15 5:00,42.2
12/3/15 6:00,43.14
12/3/15 7:00,44.46
12/3/15 8:00,47.32
12/3/15 9:00,47.47
12/3/15 10:00,47.47
12/3/15 11:00,48.53
12/3/15 12:00,48.59
12/3/15 13:00,47.47
12/3/15 14:00,44.76
12/3/15 15:00,43.94
12/3/15 16:00,41.96
12/3/15 17:00,41.84
12/3/15 18:00,39.47
12/3/15 19:00,38.49
12/3/15 20:00,37.42
12/3/15 21:00,36.58
12/3/15 22:00,35.54
12/3/15 23:00,35.12
12/4/15 0:00,34.08
12/4/15 1:00,33.27
12/4/15 2:00,31.85
12/4/15 3:00,31.61
12/4/15 4:00,31.32
12/4/15 5:00,33.41
12/4/15 6:00,38.18
12/4/15 7:00,43.17
12/4/15 8:00,46
12/4/15 9:00,48.51
12/4/15 10:00,50.17
12/4/15 11:00,51.36
12/4/15 12:00,52.29
12/4/15 13:00,50.15
12/4/15 14:00,43.81
12/4/15 15:00,39.52
12/4/15 16:00,38.11
12/4/15 17:00,36.35
12/4/15 18:00,34.54
12/4/15 19:00,32.3
12/4/15 20:00,30.83
12/4/15 21:00,30.64
12/4/15 22:00,30.98
12/4/15 23:00,30.09
12/5/15 0:00,29.76
12/5/15 1:00,28.78
12/5/15 2:00,29.33
12/5/15 3:00,30.1
12/5/15 4:00,29.64
12/5/15 5:00,32.28
12/5/15 6:00,38.37
12/5/15 7:00,43.59
12/5/15 8:00,48.75
12/5/15 9:00,51.15
12/5/15 10:00,52.31
12/5/15 11:00,53.44
12/5/15 12:00,53.26
12/5/15 13:00,52.3
12/5/15 14:00,46.13
12/5/15 15:00,41.45
12/5/15 16:00,38.18
12/5/15 17:00,36.3
12/5/15 18:00,35.37
12/5/15 19:00,32.93
12/5/15 20:00,34.55
12/5/15 21:00,33.41
12/5/15 22:00,31.42
12/5/15 23:00,32.34
12/6/15 0:00,31.08
12/6/15 1:00,30.29
12/6/15 2:00,30
12/6/15 3:00,29.37
12/6/15 4:00,28.32
12/6/15 5:00,31.08
12/6/15 6:00,37.92
12/6/15 7:00,44.83
12/6/15 8:00,48.46
12/6/15 9:00,52.37
12/6/15 10:00,55.1
12/6/15 11:00,56.2
12/6/15 12:00,56.3
12/6/15 13:00,54.4
12/6/15 14:00,49.22
12/6/15 15:00,45.29
12/6/15 16:00,43.73
12/6/15 17:00,42.78
12/6/15 18:00,43.58
12/6/15 19:00,44.27
12/6/15 20:00,44.81
12/6/15 21:00,45.32
12/6/15 22:00,46.7
12/6/15 23:00,46.7
12/7/15 0:00,46.25
12/7/15 1:00,46.15
12/7/15 2:00,45.92
12/7/15 3:00,45.85
12/7/15 4:00,45.48
12/7/15 5:00,46.65
12/7/15 6:00,48.17
12/7/15 7:00,49.54
12/7/15 8:00,50.58
12/7/15 9:00,51.12
12/7/15 10:00,51.97
12/7/15 11:00,52.3
12/7/15 12:00,55.94
12/7/15 13:00,53.89
12/7/15 14:00,49.17
12/7/15 15:00,46.76
12/7/15 16:00,46.1
12/7/15 17:00,44.32
12/7/15 18:00,42.37
12/7/15 19:00,41.48
12/7/15 20:00,39.68
12/7/15 21:00,40.42
12/7/15 22:00,39.54
12/7/15 23:00,39.32
12/8/15 0:00,39.58
12/8/15 1:00,37.16
12/8/15 2:00,36.85
12/8/15 3:00,36.54
12/8/15 4:00,34.95
12/8/15 5:00,37.51
12/8/15 6:00,43.77
12/8/15 7:00,48.65
12/8/15 8:00,52.23
12/8/15 9:00,54.38
12/8/15 10:00,55.99
12/8/15 11:00,56.6
12/8/15 12:00,55.77
12/8/15 13:00,54.32
12/8/15 14:00,49.84
12/8/15 15:00,46.93
12/8/15 16:00,44.54
12/8/15 17:00,43.15
12/8/15 18:00,42.05
12/8/15 19:00,40.8
12/8/15 20:00,40.6
12/8/15 21:00,41.66
12/8/15 22:00,41.24
12/8/15 23:00,42.26
12/9/15 0:00,43.09
12/9/15 1:00,43.59
12/9/15 2:00,43.49
12/9/15 3:00,44.13
12/9/15 4:00,44.64
12/9/15 5:00,44.4
12/9/15 6:00,46.03
12/9/15 7:00,49.32
12/9/15 8:00,53.93
12/9/15 9:00,57.46
12/9/15 10:00,59.61
12/9/15 11:00,61
12/9/15 12:00,61.74
12/9/15 13:00,59.7
12/9/15 14:00,56.9
12/9/15 15:00,54.64
12/9/15 16:00,54.4
12/9/15 17:00,54.37
12/9/15 18:00,53.56
12/9/15 19:00,52.38
12/9/15 20:00,50.88
12/9/15 21:00,48.47
12/9/15 22:00,46.37
12/9/15 23:00,46.23
12/10/15 0:00,43.22
12/10/15 1:00,42.98
12/10/15 2:00,43.83
12/10/15 3:00,44.32
12/10/15 4:00,43.88
12/10/15 5:00,46.53
12/10/15 6:00,50.79
12/10/15 7:00,56.49
12/10/15 8:00,60.75
12/10/15 9:00,63.1
12/10/15 10:00,63.53
12/10/15 11:00,64.68
12/10/15 12:00,64.69
12/10/15 13:00,62.98
12/10/15 14:00,57.54
12/10/15 15:00,55.71
12/10/15 16:00,55.42
12/10/15 17:00,55.81
12/10/15 18:00,56.68
12/10/15 19:00,56.09
12/10/15 20:00,56.2
12/10/15 21:00,55.39
12/10/15 22:00,54.98
12/10/15 23:00,53.86
12/11/15 0:00,52.39
12/11/15 1:00,52.2
12/11/15 2:00,50.33
12/11/15 3:00,49.56
12/11/15 4:00,49.18
12/11/15 5:00,51.75
12/11/15 6:00,55.27
12/11/15 7:00,59.32
12/11/15 8:00,64.07
12/11/15 9:00,66.1
12/11/15 10:00,68.63
12/11/15 11:00,69.91
12/11/15 12:00,69.23
12/11/15 13:00,66.69
12/11/15 14:00,63.57
12/11/15 15:00,59.37
12/11/15 16:00,57.41
12/11/15 17:00,55.93
12/11/15 18:00,54.58
12/11/15 19:00,52.38
12/11/15 20:00,54.18
12/11/15 21:00,53.63
12/11/15 22:00,52.56
12/11/15 23:00,52.14
12/12/15 0:00,53.65
12/12/15 1:00,53.43
12/12/15 2:00,54.78
12/12/15 3:00,55.39
12/12/15 4:00,55.68
12/12/15 5:00,55.76
12/12/15 6:00,58.02
12/12/15 7:00,60.71
12/12/15 8:00,65.05
12/12/15 9:00,69.41
12/12/15 10:00,72.03
12/12/15 11:00,74.49
12/12/15 12:00,74.39
12/12/15 13:00,71.55
12/12/15 14:00,64.79
12/12/15 15:00,61.86
12/12/15 16:00,60.45
12/12/15 17:00,57.88
12/12/15 18:00,57
12/12/15 19:00,56.64
12/12/15 20:00,55.3
12/12/15 21:00,54.29
12/12/15 22:00,52.05
12/12/15 23:00,51.87
12/13/15 0:00,52.63
12/13/15 1:00,51.08
12/13/15 2:00,50.73
12/13/15 3:00,49.41
12/13/15 4:00,49.03
12/13/15 5:00,51.68
12/13/15 6:00,55.89
12/13/15 7:00,59.48
12/13/15 8:00,65.82
12/13/15 9:00,68.09
12/13/15 10:00,70.54
12/13/15 11:00,70.39
12/13/15 12:00,70.1
12/13/15 13:00,67.33
12/13/15 14:00,63.96
12/13/15 15:00,62.02
12/13/15 16:00,61.28
12/13/15 17:00,60.36
12/13/15 18:00,57.89
12/13/15 19:00,58.87
12/13/15 20:00,59.59
12/13/15 21:00,60.67
12/13/15 22:00,59.73
12/13/15 23:00,60.78
12/14/15 0:00,62.07
12/14/15 1:00,61.49
12/14/15 2:00,60.71
12/14/15 3:00,60.86
12/14/15 4:00,60.33
12/14/15 5:00,61.29
12/14/15 6:00,63.37
12/14/15 7:00,65.88
12/14/15 8:00,69.27
12/14/15 9:00,71.2
12/14/15 10:00,70.18
12/14/15 11:00,66.97
12/14/15 12:00,67.2
12/14/15 13:00,68.29
12/14/15 14:00,68.29
12/14/15 15:00,68.29
12/14/15 16:00,68.63
12/14/15 17:00,69.08
12/14/15 18:00,67.56
12/14/15 19:00,66.35
12/14/15 20:00,63.9
12/14/15 21:00,61.9
12/14/15 22:00,61.05
12/14/15 23:00,60.08
12/15/15 0:00,58.66
12/15/15 1:00,56.95
12/15/15 2:00,55.64
12/15/15 3:00,53.42
12/15/15 4:00,52.88
12/15/15 5:00,54.66
12/15/15 6:00,58.41
12/15/15 7:00,61.87
12/15/15 8:00,64.48
12/15/15 9:00,65.82
12/15/15 10:00,67.24
12/15/15 11:00,68.51
12/15/15 12:00,68.81
12/15/15 13:00,67.22
12/15/15 14:00,60.74
12/15/15 15:00,56.11
12/15/15 16:00,53.62
12/15/15 17:00,51.91
12/15/15 18:00,49.43
12/15/15 19:00,49.35
12/15/15 20:00,51.09
12/15/15 21:00,47.24
12/15/15 22:00,46
12/15/15 23:00,45.48
12/16/15 0:00,45.88
12/16/15 1:00,44.33
12/16/15 2:00,44.24
12/16/15 3:00,43.07
12/16/15 4:00,42.44
12/16/15 5:00,44.24
12/16/15 6:00,47.73
12/16/15 7:00,51.8
12/16/15 8:00,54.83
12/16/15 9:00,57.43
12/16/15 10:00,59.29
12/16/15 11:00,60.98
12/16/15 12:00,61.49
12/16/15 13:00,60.91
12/16/15 14:00,54.94
12/16/15 15:00,51.95
12/16/15 16:00,50.66
12/16/15 17:00,48.73
12/16/15 18:00,50.46
12/16/15 19:00,49.48
12/16/15 20:00,49.92
12/16/15 21:00,50.76
12/16/15 22:00,50.73
12/16/15 23:00,50.45
12/17/15 0:00,50.23
12/17/15 1:00,50.35
12/17/15 2:00,50.69
12/17/15 3:00,50.69
12/17/15 4:00,50.83
12/17/15 5:00,50.58
12/17/15 6:00,51.34
12/17/15 7:00,52.29
12/17/15 8:00,53.02
12/17/15 9:00,53.65
12/17/15 10:00,54.51
12/17/15 11:00,53.88
12/17/15 12:00,53.53
12/17/15 13:00,54.17
12/17/15 14:00,54.29
12/17/15 15:00,54.29
12/17/15 16:00,54.29
12/17/15 17:00,54.59
12/17/15 18:00,55.24
12/17/15 19:00,55.14
12/17/15 20:00,55.34
12/17/15 21:00,55.34
12/17/15 22:00,55.42
12/17/15 23:00,55.34
12/18/15 0:00,55.14
12/18/15 1:00,53.75
12/18/15 2:00,53.34
12/18/15 3:00,52.51
12/18/15 4:00,51.93
12/18/15 5:00,50.97
12/18/15 6:00,50.85
12/18/15 7:00,51.17
12/18/15 8:00,51.49
12/18/15 9:00,51.65
12/18/15 10:00,53.37
12/18/15 11:00,53.76
12/18/15 12:00,54.19
12/18/15 13:00,51.95
12/18/15 14:00,48.08
12/18/15 15:00,44.15
12/18/15 16:00,40.9
12/18/15 17:00,38.56
12/18/15 18:00,37.34
12/18/15 19:00,37.03
12/18/15 20:00,35.9
12/18/15 21:00,34.73
12/18/15 22:00,34.29
12/18/15 23:00,32.63
12/19/15 0:00,32.11
12/19/15 1:00,30.97
12/19/15 2:00,28.32
12/19/15 3:00,27.77
12/19/15 4:00,26.48
12/19/15 5:00,29.94
12/19/15 6:00,35.5
12/19/15 7:00,38.54
12/19/15 8:00,42.27
12/19/15 9:00,43.83
12/19/15 10:00,45.19
12/19/15 11:00,45.93
12/19/15 12:00,46.47
12/19/15 13:00,45.93
12/19/15 14:00,41.25
12/19/15 15:00,38.45
12/19/15 16:00,37.44
12/19/15 17:00,35.62
12/19/15 18:00,33.18
12/19/15 19:00,33.96
12/19/15 20:00,32.96
12/19/15 21:00,31.67
12/19/15 22:00,30.16
12/19/15 23:00,30.17
12/20/15 0:00,30.75
12/20/15 1:00,29.86
12/20/15 2:00,28.2
12/20/15 3:00,27.78
12/20/15 4:00,27.47
12/20/15 5:00,29.8
12/20/15 6:00,38.79
12/20/15 7:00,43.76
12/20/15 8:00,46.65
12/20/15 9:00,48.49
12/20/15 10:00,50.74
12/20/15 11:00,51.76
12/20/15 12:00,50.3
12/20/15 13:00,48.6
12/20/15 14:00,45.71
12/20/15 15:00,42.98
12/20/15 16:00,41.23
12/20/15 17:00,39.01
12/20/15 18:00,38.67
12/20/15 19:00,36.92
12/20/15 20:00,35.69
12/20/15 21:00,35.69
12/20/15 22:00,35.04
12/20/15 23:00,35.13
12/21/15 0:00,35.57
12/21/15 1:00,34.69
12/21/15 2:00,36.29
12/21/15 3:00,37.13
12/21/15 4:00,38.11
12/21/15 5:00,39.68
12/21/15 6:00,44.12
12/21/15 7:00,46.54
12/21/15 8:00,50.72
12/21/15 9:00,53.14
12/21/15 10:00,53.85
12/21/15 11:00,56.02
12/21/15 12:00,55.92
12/21/15 13:00,54.84
12/21/15 14:00,52.52
12/21/15 15:00,50.4
12/21/15 16:00,49.66
12/21/15 17:00,50.57
12/21/15 18:00,49.96
12/21/15 19:00,49.06
12/21/15 20:00,49.27
12/21/15 21:00,49.37
12/21/15 22:00,48.97
12/21/15 23:00,49.78
12/22/15 0:00,49.68
12/22/15 1:00,50.53
12/22/15 2:00,50.19
12/22/15 3:00,51.07
12/22/15 4:00,52.94
12/22/15 5:00,56.01
12/22/15 6:00,58.21
12/22/15 7:00,60.27
12/22/15 8:00,60.44
12/22/15 9:00,61.32
12/22/15 10:00,62.8
12/22/15 11:00,62.98
12/22/15 12:00,62.98
12/22/15 13:00,62.8
12/22/15 14:00,62.61
12/22/15 15:00,60.98
12/22/15 16:00,60.12
12/22/15 17:00,59.92
12/22/15 18:00,59.92
12/22/15 19:00,60.02
12/22/15 20:00,59.83
12/22/15 21:00,59.83
12/22/15 22:00,59.29
12/22/15 23:00,59.92
12/23/15 0:00,59.92
12/23/15 1:00,60.12
12/23/15 2:00,60.66
12/23/15 3:00,60.9
12/23/15 4:00,61.93
12/23/15 5:00,61.92
12/23/15 6:00,62.88
12/23/15 7:00,64.05
12/23/15 8:00,64.69
12/23/15 9:00,65.02
12/23/15 10:00,66.75
12/23/15 11:00,68.36
12/23/15 12:00,69.05
12/23/15 13:00,69.9
12/23/15 14:00,69.9
12/23/15 15:00,68.53
12/23/15 16:00,68.08
12/23/15 17:00,68.42
12/23/15 18:00,67.62
12/23/15 19:00,67.52
12/23/15 20:00,66.01
12/23/15 21:00,65.23
12/23/15 22:00,64.59
12/23/15 23:00,64.59
12/24/15 0:00,65.13
12/24/15 1:00,64.95
12/24/15 2:00,67.04
12/24/15 3:00,68.53
12/24/15 4:00,69.36
12/24/15 5:00,70.29
12/24/15 6:00,71.26
12/24/15 7:00,73.14
12/24/15 8:00,74.46
12/24/15 9:00,73.92
12/24/15 10:00,74.61
12/24/15 11:00,74.41
12/24/15 12:00,73.8
12/24/15 13:00,73.48
12/24/15 14:00,72.93
12/24/15 15:00,72.2
12/24/15 16:00,71.71
12/24/15 17:00,71.07
12/24/15 18:00,71.07
12/24/15 19:00,70.54
12/24/15 20:00,69.81
12/24/15 21:00,69.57
12/24/15 22:00,69.62
12/24/15 23:00,68.98
12/25/15 0:00,68.74
12/25/15 1:00,67.8
12/25/15 2:00,67.61
12/25/15 3:00,66.97
12/25/15 4:00,66.44
12/25/15 5:00,66.73
12/25/15 6:00,67.7
12/25/15 7:00,68.98
12/25/15 8:00,69.08
12/25/15 9:00,69.71
12/25/15 10:00,70.14
12/25/15 11:00,71.71
12/25/15 12:00,70.98
12/25/15 13:00,70.98
12/25/15 14:00,70.56
12/25/15 15:00,68.79
12/25/15 16:00,67.3
12/25/15 17:00,66.66
12/25/15 18:00,66.68
12/25/15 19:00,66.48
12/25/15 20:00,65.27
12/25/15 21:00,65.12
12/25/15 22:00,64.61
12/25/15 23:00,64.22
12/26/15 0:00,63.59
12/26/15 1:00,64.22
12/26/15 2:00,64.02
12/26/15 3:00,64.13
12/26/15 4:00,64.37
12/26/15 5:00,64.25
12/26/15 6:00,65.44
12/26/15 7:00,65.75
12/26/15 8:00,67.32
12/26/15 9:00,68.2
12/26/15 10:00,69.03
12/26/15 11:00,69.12
12/26/15 12:00,69.31
12/26/15 13:00,68.66
12/26/15 14:00,67.7
12/26/15 15:00,65.95
12/26/15 16:00,65.76
12/26/15 17:00,65.59
12/26/15 18:00,64.86
12/26/15 19:00,64.68
12/26/15 20:00,63.49
12/26/15 21:00,64.26
12/26/15 22:00,64.27
12/26/15 23:00,64.7
12/27/15 0:00,64.8
12/27/15 1:00,64.92
12/27/15 2:00,64.92
12/27/15 3:00,64.92
12/27/15 4:00,65
12/27/15 5:00,65.1
12/27/15 6:00,67.27
12/27/15 7:00,68.53
12/27/15 8:00,69.71
12/27/15 9:00,71.81
12/27/15 10:00,72.37
12/27/15 11:00,73.5
12/27/15 12:00,72.51
12/27/15 13:00,71.57
12/27/15 14:00,68.84
12/27/15 15:00,66.71
12/27/15 16:00,64.73
12/27/15 17:00,65.02
12/27/15 18:00,64.32
12/27/15 19:00,64.58
12/27/15 20:00,65.31
12/27/15 21:00,64.75
12/27/15 22:00,64.96
12/27/15 23:00,64.93
12/28/15 0:00,64.48
12/28/15 1:00,64.68
12/28/15 2:00,64.17
12/28/15 3:00,64.36
12/28/15 4:00,62.19
12/28/15 5:00,60.55
12/28/15 6:00,58.17
12/28/15 7:00,54.66
12/28/15 8:00,52.55
12/28/15 9:00,51.72
12/28/15 10:00,50.85
12/28/15 11:00,50.14
12/28/15 12:00,49.24
12/28/15 13:00,48.51
12/28/15 14:00,48.41
12/28/15 15:00,48.42
12/28/15 16:00,48.42
12/28/15 17:00,48.51
12/28/15 18:00,49.05
12/28/15 19:00,49.34
12/28/15 20:00,50.12
12/28/15 21:00,49.78
12/28/15 22:00,48.78
12/28/15 23:00,48.7
12/29/15 0:00,47.22
12/29/15 1:00,47.22
12/29/15 2:00,47.22
12/29/15 3:00,47.14
12/29/15 4:00,47.24
12/29/15 5:00,47.77
12/29/15 6:00,48.4
12/29/15 7:00,51.18
12/29/15 8:00,54.17
12/29/15 9:00,57.69
12/29/15 10:00,62.08
12/29/15 11:00,65.41
12/29/15 12:00,68.65
12/29/15 13:00,65.19
12/29/15 14:00,61.7
12/29/15 15:00,61.02
12/29/15 16:00,59.63
12/29/15 17:00,59.64
12/29/15 18:00,58.08
12/29/15 19:00,56.62
12/29/15 20:00,56.63
12/29/15 21:00,56.64
12/29/15 22:00,56.34
12/29/15 23:00,56.4
12/30/15 0:00,56.63
12/30/15 1:00,56.61
12/30/15 2:00,57.29
12/30/15 3:00,57.49
12/30/15 4:00,58.27
12/30/15 5:00,58.82
12/30/15 6:00,59.36
12/30/15 7:00,60.63
12/30/15 8:00,60.21
12/30/15 9:00,59.89
12/30/15 10:00,59.67
12/30/15 11:00,60.41
12/30/15 12:00,61.26
12/30/15 13:00,62.34
12/30/15 14:00,62.44
12/30/15 15:00,62.44
12/30/15 16:00,62.78
12/30/15 17:00,62.8
12/30/15 18:00,63.02
12/30/15 19:00,64.02
12/30/15 20:00,63.93
12/30/15 21:00,64.02
12/30/15 22:00,63.92
12/30/15 23:00,63.81
12/31/15 0:00,63.7
12/31/15 1:00,63.37
12/31/15 2:00,63.15
12/31/15 3:00,61.96
12/31/15 4:00,60.44
12/31/15 5:00,59.15
12/31/15 6:00,59.74
12/31/15 7:00,58.62
12/31/15 8:00,58.25
12/31/15 9:00,57.22
12/31/15 10:00,56.41
12/31/15 11:00,55.81
12/31/15 12:00,55.81
12/31/15 13:00,55.46
12/31/15 14:00,54.7
12/31/15 15:00,53.89
12/31/15 16:00,52.86
12/31/15 17:00,52.54
12/31/15 18:00,51.36
12/31/15 19:00,50.81
12/31/15 20:00,49.25
12/31/15 21:00,48.08
12/31/15 22:00,46.42
12/31/15 23:00,46.24
1/1/16 0:00,45.39
1/1/16 1:00,44.44
1/1/16 2:00,44.12
1/1/16 3:00,43.93
1/1/16 4:00,43.3
1/1/16 5:00,42.98
1/1/16 6:00,43.29
1/1/16 7:00,44.34
1/1/16 8:00,45.48
1/1/16 9:00,46.22
1/1/16 10:00,46.86
1/1/16 11:00,47.1
1/1/16 12:00,46.97
1/1/16 13:00,46.12
1/1/16 14:00,45
1/1/16 15:00,43.93
1/1/16 16:00,43
1/1/16 17:00,42.57
1/1/16 18:00,41.24
1/1/16 19:00,41.61
1/1/16 20:00,40.68
1/1/16 21:00,39.97
1/1/16 22:00,38.3
1/1/16 23:00,37.24
1/2/16 0:00,35.56
1/2/16 1:00,33.56
1/2/16 2:00,32.86
1/2/16 3:00,32.11
1/2/16 4:00,31.4
1/2/16 5:00,32.87
1/2/16 6:00,37.54
1/2/16 7:00,41.43
1/2/16 8:00,43.92
1/2/16 9:00,45.61
1/2/16 10:00,47.41
1/2/16 11:00,48.53
1/2/16 12:00,49.49
1/2/16 13:00,48.63
1/2/16 14:00,45.11
1/2/16 15:00,39.18
1/2/16 16:00,36.79
1/2/16 17:00,36.65
1/2/16 18:00,35.17
1/2/16 19:00,36.02
1/2/16 20:00,35.19
1/2/16 21:00,33.89
1/2/16 22:00,34.17
1/2/16 23:00,34.55
1/3/16 0:00,31.69
1/3/16 1:00,31.61
1/3/16 2:00,31.21
1/3/16 3:00,29.52
1/3/16 4:00,29.32
1/3/16 5:00,30.04
1/3/16 6:00,36.52
1/3/16 7:00,42.22
1/3/16 8:00,45.27
1/3/16 9:00,46.91
1/3/16 10:00,49.13
1/3/16 11:00,50.3
1/3/16 12:00,50.71
1/3/16 13:00,48.58
1/3/16 14:00,45.06
1/3/16 15:00,41.83
1/3/16 16:00,39.07
1/3/16 17:00,38.27
1/3/16 18:00,36
1/3/16 19:00,37.14
1/3/16 20:00,37.03
1/3/16 21:00,38.81
1/3/16 22:00,37.25
1/3/16 23:00,36.02
1/4/16 0:00,34.02
1/4/16 1:00,32.56
1/4/16 2:00,32.15
1/4/16 3:00,31.57
1/4/16 4:00,30.66
1/4/16 5:00,31.76
1/4/16 6:00,34.82
1/4/16 7:00,37.54
1/4/16 8:00,38.87
1/4/16 9:00,38.56
1/4/16 10:00,37.58
1/4/16 11:00,33.97
1/4/16 12:00,34.27
1/4/16 13:00,35.07
1/4/16 14:00,34.05
1/4/16 15:00,32.68
1/4/16 16:00,32.39
1/4/16 17:00,30.55
1/4/16 18:00,29.42
1/4/16 19:00,29.23
1/4/16 20:00,28.17
1/4/16 21:00,27.98
1/4/16 22:00,27.91
1/4/16 23:00,27.17
1/5/16 0:00,26.17
1/5/16 1:00,25.44
1/5/16 2:00,24.17
1/5/16 3:00,23.2
1/5/16 4:00,21.69
1/5/16 5:00,22.65
1/5/16 6:00,23.77
1/5/16 7:00,25.38
1/5/16 8:00,27.41
1/5/16 9:00,28.46
1/5/16 10:00,30.46
1/5/16 11:00,31.56
1/5/16 12:00,32.19
1/5/16 13:00,31.66
1/5/16 14:00,29.66
1/5/16 15:00,27.46
1/5/16 16:00,26.12
1/5/16 17:00,25.24
1/5/16 18:00,22.99
1/5/16 19:00,22.15
1/5/16 20:00,20.67
1/5/16 21:00,19.66
1/5/16 22:00,20.66
1/5/16 23:00,20.96
1/6/16 0:00,20.57
1/6/16 1:00,20.56
1/6/16 2:00,19.37
1/6/16 3:00,19.24
1/6/16 4:00,19.34
1/6/16 5:00,22.15
1/6/16 6:00,26.58
1/6/16 7:00,31.5
1/6/16 8:00,34.55
1/6/16 9:00,37.12
1/6/16 10:00,39.76
1/6/16 11:00,41.63
1/6/16 12:00,41.63
1/6/16 13:00,40.78
1/6/16 14:00,40.15
1/6/16 15:00,39.34
1/6/16 16:00,39.06
1/6/16 17:00,38.2
1/6/16 18:00,38.12
1/6/16 19:00,37.78
1/6/16 20:00,37.78
1/6/16 21:00,37.68
1/6/16 22:00,37.78
1/6/16 23:00,37.69
1/7/16 0:00,36.93
1/7/16 1:00,36.83
1/7/16 2:00,35.9
1/7/16 3:00,35.8
1/7/16 4:00,35.8
1/7/16 5:00,35.88
1/7/16 6:00,36.9
1/7/16 7:00,37.22
1/7/16 8:00,39.12
1/7/16 9:00,40.39
1/7/16 10:00,41.66
1/7/16 11:00,42.48
1/7/16 12:00,42.82
1/7/16 13:00,43
1/7/16 14:00,41.79
1/7/16 15:00,40.03
1/7/16 16:00,39.15
1/7/16 17:00,38.39
1/7/16 18:00,37.7
1/7/16 19:00,37.1
1/7/16 20:00,37.65
1/7/16 21:00,37.65
1/7/16 22:00,38.19
1/7/16 23:00,38.29
1/8/16 0:00,38.53
1/8/16 1:00,38.33
1/8/16 2:00,38.97
1/8/16 3:00,38.98
1/8/16 4:00,38.88
1/8/16 5:00,38.88
1/8/16 6:00,40.24
1/8/16 7:00,41.46
1/8/16 8:00,42.43
1/8/16 9:00,42.43
1/8/16 10:00,43.4
1/8/16 11:00,44.15
1/8/16 12:00,44.34
1/8/16 13:00,44.88
1/8/16 14:00,44.8
1/8/16 15:00,44.8
1/8/16 16:00,44.8
1/8/16 17:00,44.26
1/8/16 18:00,44.26
1/8/16 19:00,44.17
1/8/16 20:00,44.17
1/8/16 21:00,44.17
1/8/16 22:00,43.86
1/8/16 23:00,43.86
1/9/16 0:00,43.22
1/9/16 1:00,42.68
1/9/16 2:00,42.7
1/9/16 3:00,42.59
1/9/16 4:00,43.14
1/9/16 5:00,43.14
1/9/16 6:00,44.7
1/9/16 7:00,45.85
1/9/16 8:00,46.76
1/9/16 9:00,47.44
1/9/16 10:00,47.78
1/9/16 11:00,48.32
1/9/16 12:00,48.32
1/9/16 13:00,48.14
1/9/16 14:00,48.14
1/9/16 15:00,47.9
1/9/16 16:00,47.9
1/9/16 17:00,48.76
1/9/16 18:00,49.71
1/9/16 19:00,50.83
1/9/16 20:00,52.34
1/9/16 21:00,52.83
1/9/16 22:00,53.61
1/9/16 23:00,54.44
1/10/16 0:00,54.83
1/10/16 1:00,56.12
1/10/16 2:00,57.44
1/10/16 3:00,57.68
1/10/16 4:00,56.95
1/10/16 5:00,56.15
1/10/16 6:00,57.48
1/10/16 7:00,59.48
1/10/16 8:00,61
1/10/16 9:00,61.01
1/10/16 10:00,58.85
1/10/16 11:00,57.58
1/10/16 12:00,55.92
1/10/16 13:00,55.14
1/10/16 14:00,51.76
1/10/16 15:00,48.44
1/10/16 16:00,45.67
1/10/16 17:00,42.52
1/10/16 18:00,40.2
1/10/16 19:00,38.36
1/10/16 20:00,36.22
1/10/16 21:00,34.86
1/10/16 22:00,33.18
1/10/16 23:00,31.81
1/11/16 0:00,30.99
1/11/16 1:00,29.17
1/11/16 2:00,28.35
1/11/16 3:00,28.35
1/11/16 4:00,27.84
1/11/16 5:00,28.78
1/11/16 6:00,31.7
1/11/16 7:00,34.32
1/11/16 8:00,35.78
1/11/16 9:00,37.78
1/11/16 10:00,39.44
1/11/16 11:00,39.86
1/11/16 12:00,40.9
1/11/16 13:00,40.36
1/11/16 14:00,37.82
1/11/16 15:00,33.16
1/11/16 16:00,30.77
1/11/16 17:00,28.89
1/11/16 18:00,27.42
1/11/16 19:00,27.88
1/11/16 20:00,26.44
1/11/16 21:00,27.91
1/11/16 22:00,28.49
1/11/16 23:00,27.51
1/12/16 0:00,27.87
1/12/16 1:00,26.89
1/12/16 2:00,28.28
1/12/16 3:00,27.64
1/12/16 4:00,28.13
1/12/16 5:00,29.75
1/12/16 6:00,34.33
1/12/16 7:00,40.05
1/12/16 8:00,45.32
1/12/16 9:00,46.92
1/12/16 10:00,49.49
1/12/16 11:00,50.02
1/12/16 12:00,50.78
1/12/16 13:00,49.2
1/12/16 14:00,48.32
1/12/16 15:00,46.56
1/12/16 16:00,44.58
1/12/16 17:00,42.47
1/12/16 18:00,40.07
1/12/16 19:00,39.06
1/12/16 20:00,36.91
1/12/16 21:00,34.95
1/12/16 22:00,34.97
1/12/16 23:00,33.37
1/13/16 0:00,32.13
1/13/16 1:00,30.45
1/13/16 2:00,28.63
1/13/16 3:00,28.01
1/13/16 4:00,26.56
1/13/16 5:00,28
1/13/16 6:00,29.88
1/13/16 7:00,32.37
1/13/16 8:00,34.53
1/13/16 9:00,35.54
1/13/16 10:00,37.03
1/13/16 11:00,38.39
1/13/16 12:00,39.41
1/13/16 13:00,38.73
1/13/16 14:00,36.35
1/13/16 15:00,31.86
1/13/16 16:00,29.23
1/13/16 17:00,29.33
1/13/16 18:00,28.98
1/13/16 19:00,27.96
1/13/16 20:00,27.95
1/13/16 21:00,27.19
1/13/16 22:00,28.88
1/13/16 23:00,29.32
1/14/16 0:00,29.5
1/14/16 1:00,29.36
1/14/16 2:00,29.12
1/14/16 3:00,27.68
1/14/16 4:00,26.28
1/14/16 5:00,29.52
1/14/16 6:00,36.18
1/14/16 7:00,44.61
1/14/16 8:00,51.27
1/14/16 9:00,54.24
1/14/16 10:00,56.22
1/14/16 11:00,56.98
1/14/16 12:00,58.15
1/14/16 13:00,57.63
1/14/16 14:00,51.76
1/14/16 15:00,47.55
1/14/16 16:00,45.02
1/14/16 17:00,45.38
1/14/16 18:00,42.43
1/14/16 19:00,41.67
1/14/16 20:00,42.58
1/14/16 21:00,40.35
1/14/16 22:00,39.79
1/14/16 23:00,40.1
1/15/16 0:00,38.39
1/15/16 1:00,37.88
1/15/16 2:00,36.44
1/15/16 3:00,35.76
1/15/16 4:00,33.49
1/15/16 5:00,35.13
1/15/16 6:00,38.69
1/15/16 7:00,43.2
1/15/16 8:00,45.94
1/15/16 9:00,47.86
1/15/16 10:00,47.95
1/15/16 11:00,46.67
1/15/16 12:00,44.34
1/15/16 13:00,45.95
1/15/16 14:00,46.15
1/15/16 15:00,45.08
1/15/16 16:00,44.64
1/15/16 17:00,43.86
1/15/16 18:00,43.22
1/15/16 19:00,42.81
1/15/16 20:00,43.68
1/15/16 21:00,43.92
1/15/16 22:00,44.8
1/15/16 23:00,43.95
1/16/16 0:00,44.8
1/16/16 1:00,44.27
1/16/16 2:00,44.17
1/16/16 3:00,42.29
1/16/16 4:00,42.29
1/16/16 5:00,43.04
1/16/16 6:00,45.36
1/16/16 7:00,48.83
1/16/16 8:00,53.28
1/16/16 9:00,55.44
1/16/16 10:00,55.66
1/16/16 11:00,58.37
1/16/16 12:00,57.34
1/16/16 13:00,57
1/16/16 14:00,54.44
1/16/16 15:00,49.16
1/16/16 16:00,47.85
1/16/16 17:00,46.44
1/16/16 18:00,44.37
1/16/16 19:00,42.07
1/16/16 20:00,40.69
1/16/16 21:00,39.32
1/16/16 22:00,38.36
1/16/16 23:00,37.93
1/17/16 0:00,37.78
1/17/16 1:00,37.14
1/17/16 2:00,37.14
1/17/16 3:00,37.68
1/17/16 4:00,38.22
1/17/16 5:00,36.9
1/17/16 6:00,33.81
1/17/16 7:00,32.83
1/17/16 8:00,33.2
1/17/16 9:00,34.14
1/17/16 10:00,35.26
1/17/16 11:00,35.34
1/17/16 12:00,36.27
1/17/16 13:00,36.36
1/17/16 14:00,35.76
1/17/16 15:00,33.38
1/17/16 16:00,31.23
1/17/16 17:00,31.91
1/17/16 18:00,31.74
1/17/16 19:00,31.75
1/17/16 20:00,31.11
1/17/16 21:00,30.13
1/17/16 22:00,29.65
1/17/16 23:00,28.78
1/18/16 0:00,28.89
1/18/16 1:00,30.12
1/18/16 2:00,29.04
1/18/16 3:00,28.92
1/18/16 4:00,28.44
1/18/16 5:00,28.37
1/18/16 6:00,28.63
1/18/16 7:00,29.05
1/18/16 8:00,29.78
1/18/16 9:00,29.88
1/18/16 10:00,30.83
1/18/16 11:00,30.71
1/18/16 12:00,30.81
1/18/16 13:00,30.19
1/18/16 14:00,28.58
1/18/16 15:00,26.85
1/18/16 16:00,25.63
1/18/16 17:00,24.27
1/18/16 18:00,22.76
1/18/16 19:00,21.73
1/18/16 20:00,20.76
1/18/16 21:00,19.73
1/18/16 22:00,18.76
1/18/16 23:00,18.03
1/19/16 0:00,17.57
1/19/16 1:00,16.61
1/19/16 2:00,15.74
1/19/16 3:00,15.64
1/19/16 4:00,15.33
1/19/16 5:00,17.56
1/19/16 6:00,20.15
1/19/16 7:00,22.17
1/19/16 8:00,24.93
1/19/16 9:00,26.07
1/19/16 10:00,27.76
1/19/16 11:00,28.97
1/19/16 12:00,29.37
1/19/16 13:00,29.17
1/19/16 14:00,27.66
1/19/16 15:00,26.03
1/19/16 16:00,24.12
1/19/16 17:00,23.3
1/19/16 18:00,22.42
1/19/16 19:00,21.4
1/19/16 20:00,20.18
1/19/16 21:00,19.11
1/19/16 22:00,18.95
1/19/16 23:00,16.62
1/20/16 0:00,18
1/20/16 1:00,18.19
1/20/16 2:00,17.32
1/20/16 3:00,18.11
1/20/16 4:00,17.81
1/20/16 5:00,19.48
1/20/16 6:00,22.41
1/20/16 7:00,28.08
1/20/16 8:00,31.67
1/20/16 9:00,34.83
1/20/16 10:00,36.15
1/20/16 11:00,36.58
1/20/16 12:00,37.37
1/20/16 13:00,35.85
1/20/16 14:00,34.53
1/20/16 15:00,31.25
1/20/16 16:00,31.05
1/20/16 17:00,30.63
1/20/16 18:00,30.63
1/20/16 19:00,31.47
1/20/16 20:00,31.47
1/20/16 21:00,30
1/20/16 22:00,28.64
1/20/16 23:00,28.78
1/21/16 0:00,30.25
1/21/16 1:00,29.32
1/21/16 2:00,29.16
1/21/16 3:00,27.77
1/21/16 4:00,28.06
1/21/16 5:00,28.99
1/21/16 6:00,31.26
1/21/16 7:00,32.7
1/21/16 8:00,35.34
1/21/16 9:00,37.22
1/21/16 10:00,37.9
1/21/16 11:00,39.95
1/21/16 12:00,40.36
1/21/16 13:00,39.48
1/21/16 14:00,36.68
1/21/16 15:00,33.03
1/21/16 16:00,28.15
1/21/16 17:00,28.67
1/21/16 18:00,28.28
1/21/16 19:00,27.54
1/21/16 20:00,27.03
1/21/16 21:00,26.78
1/21/16 22:00,27.03
1/21/16 23:00,27.03
1/22/16 0:00,27.15
1/22/16 1:00,27.66
1/22/16 2:00,27.46
1/22/16 3:00,26.95
1/22/16 4:00,24.59
1/22/16 5:00,24.41
1/22/16 6:00,24.8
1/22/16 7:00,25.44
1/22/16 8:00,25.44
1/22/16 9:00,26.59
1/22/16 10:00,26.59
1/22/16 11:00,26.68
1/22/16 12:00,27.56
1/22/16 13:00,28.37
1/22/16 14:00,28.03
1/22/16 15:00,27.83
1/22/16 16:00,27.85
1/22/16 17:00,27.75
1/22/16 18:00,26.78
1/22/16 19:00,25.17
1/22/16 20:00,24.49
1/22/16 21:00,23.77
1/22/16 22:00,23.44
1/22/16 23:00,23.14
1/23/16 0:00,23.34
1/23/16 1:00,23.19
1/23/16 2:00,23.83
1/23/16 3:00,24.03
1/23/16 4:00,23.83
1/23/16 5:00,24.91
1/23/16 6:00,25.92
1/23/16 7:00,26.92
1/23/16 8:00,28.92
1/23/16 9:00,29.46
1/23/16 10:00,29.7
1/23/16 11:00,30.09
1/23/16 12:00,31.02
1/23/16 13:00,31.13
1/23/16 14:00,30.49
1/23/16 15:00,31.13
1/23/16 16:00,31.37
1/23/16 17:00,30.74
1/23/16 18:00,30.73
1/23/16 19:00,30.73
1/23/16 20:00,30.73
1/23/16 21:00,30.73
1/23/16 22:00,30.83
1/23/16 23:00,30.59
1/24/16 0:00,30.73
1/24/16 1:00,30.42
1/24/16 2:00,28.84
1/24/16 3:00,28.05
1/24/16 4:00,26.9
1/24/16 5:00,27.85
1/24/16 6:00,30.82
1/24/16 7:00,33.65
1/24/16 8:00,36.76
1/24/16 9:00,39.37
1/24/16 10:00,41.59
1/24/16 11:00,43.29
1/24/16 12:00,44.46
1/24/16 13:00,44.57
1/24/16 14:00,41.45
1/24/16 15:00,35.58
1/24/16 16:00,31.93
1/24/16 17:00,30.45
1/24/16 18:00,28.59
1/24/16 19:00,28.33
1/24/16 20:00,27.29
1/24/16 21:00,27.8
1/24/16 22:00,27.49
1/24/16 23:00,27.39
1/25/16 0:00,26.74
1/25/16 1:00,25.81
1/25/16 2:00,26.77
1/25/16 3:00,26.19
1/25/16 4:00,25.77
1/25/16 5:00,29.17
1/25/16 6:00,33.37
1/25/16 7:00,37.92
1/25/16 8:00,42.78
1/25/16 9:00,44.24
1/25/16 10:00,46.09
1/25/16 11:00,47.65
1/25/16 12:00,48.61
1/25/16 13:00,47.78
1/25/16 14:00,46.12
1/25/16 15:00,43.04
1/25/16 16:00,39.7
1/25/16 17:00,40.01
1/25/16 18:00,38.98
1/25/16 19:00,38.37
1/25/16 20:00,36.53
1/25/16 21:00,37.26
1/25/16 22:00,37.68
1/25/16 23:00,34.41
1/26/16 0:00,36.19
1/26/16 1:00,34.19
1/26/16 2:00,35.31
1/26/16 3:00,36.83
1/26/16 4:00,36.59
1/26/16 5:00,37.2
1/26/16 6:00,43.06
1/26/16 7:00,47.86
1/26/16 8:00,52.04
1/26/16 9:00,55.45
1/26/16 10:00,56.67
1/26/16 11:00,57.55
1/26/16 12:00,57.76
1/26/16 13:00,56.15
1/26/16 14:00,52.4
1/26/16 15:00,48.18
1/26/16 16:00,47.4
1/26/16 17:00,46.31
1/26/16 18:00,44.54
1/26/16 19:00,47.51
1/26/16 20:00,47.47
1/26/16 21:00,45.78
1/26/16 22:00,46.17
1/26/16 23:00,46.76
1/27/16 0:00,46.18
1/27/16 1:00,46.74
1/27/16 2:00,46.56
1/27/16 3:00,45.53
1/27/16 4:00,44.99
1/27/16 5:00,45.3
1/27/16 6:00,44.54
1/27/16 7:00,43.42
1/27/16 8:00,43.86
1/27/16 9:00,45.27
1/27/16 10:00,46.22
1/27/16 11:00,45.36
1/27/16 12:00,46.54
1/27/16 13:00,46.46
1/27/16 14:00,43.9
1/27/16 15:00,40.54
1/27/16 16:00,38.13
1/27/16 17:00,37.37
1/27/16 18:00,37.38
1/27/16 19:00,36.56
1/27/16 20:00,35.35
1/27/16 21:00,34.08
1/27/16 22:00,33.46
1/27/16 23:00,31.97
1/28/16 0:00,31.87
1/28/16 1:00,31.14
1/28/16 2:00,30.6
1/28/16 3:00,29.97
1/28/16 4:00,29.47
1/28/16 5:00,29.25
1/28/16 6:00,33.19
1/28/16 7:00,36.02
1/28/16 8:00,38.29
1/28/16 9:00,40.54
1/28/16 10:00,41.63
1/28/16 11:00,42.9
1/28/16 12:00,42.36
1/28/16 13:00,42.36
1/28/16 14:00,41.4
1/28/16 15:00,39.88
1/28/16 16:00,38.86
1/28/16 17:00,37.34
1/28/16 18:00,35.29
1/28/16 19:00,35.52
1/28/16 20:00,35.69
1/28/16 21:00,36.44
1/28/16 22:00,36.75
1/28/16 23:00,36.21
1/29/16 0:00,36.85
1/29/16 1:00,35.71
1/29/16 2:00,34.56
1/29/16 3:00,33.41
1/29/16 4:00,34.09
1/29/16 5:00,36.43
1/29/16 6:00,41.72
1/29/16 7:00,46.87
1/29/16 8:00,48.21
1/29/16 9:00,49.38
1/29/16 10:00,48.37
1/29/16 11:00,49.83
1/29/16 12:00,49.36
1/29/16 13:00,47
1/29/16 14:00,43.68
1/29/16 15:00,40.74
1/29/16 16:00,37.95
1/29/16 17:00,35.34
1/29/16 18:00,34.09
1/29/16 19:00,34.14
1/29/16 20:00,34.3
1/29/16 21:00,32.77
1/29/16 22:00,32.14
1/29/16 23:00,32.87
1/30/16 0:00,31.97
1/30/16 1:00,30.64
1/30/16 2:00,27.59
1/30/16 3:00,27.43
1/30/16 4:00,26.26
1/30/16 5:00,29.79
1/30/16 6:00,35.77
1/30/16 7:00,41.72
1/30/16 8:00,45.63
1/30/16 9:00,48.97
1/30/16 10:00,51.56
1/30/16 11:00,52.92
1/30/16 12:00,54.73
1/30/16 13:00,54.29
1/30/16 14:00,51.52
1/30/16 15:00,47.31
1/30/16 16:00,44.46
1/30/16 17:00,41.65
1/30/16 18:00,41.13
1/30/16 19:00,37.39
1/30/16 20:00,42.22
1/30/16 21:00,40.15
1/30/16 22:00,38.08
1/30/16 23:00,39.68
1/31/16 0:00,38.6
1/31/16 1:00,39.43
1/31/16 2:00,37.55
1/31/16 3:00,36.87
1/31/16 4:00,36.01
1/31/16 5:00,39.32
1/31/16 6:00,48.32
1/31/16 7:00,55.4
1/31/16 8:00,60.55
1/31/16 9:00,64.04
1/31/16 10:00,66.12
1/31/16 11:00,67.02
1/31/16 12:00,67.57
1/31/16 13:00,65.56
1/31/16 14:00,63.83
1/31/16 15:00,61.49
1/31/16 16:00,59.83
1/31/16 17:00,58.62
1/31/16 18:00,57.66
1/31/16 19:00,56.56
1/31/16 20:00,56.27
1/31/16 21:00,55.39
1/31/16 22:00,53.42
1/31/16 23:00,51.61